source,alpha,onset,offset,FA,MISS,CER,DER,SpkCountAcc
nemo_gpu_run_aepyx,0.60,0.55,0.10,0.0811,0.0000,0.0051,0.0862,1.0000
nemo_gpu_run_aggyz,0.60,0.55,0.10,0.0208,0.0000,0.1309,0.1517,1.0000
nemo_gpu_run_aiqwk,0.60,0.55,0.10,0.0396,0.0000,0.2533,0.2929,1.0000
nemo_gpu_run_aorju,0.60,0.55,0.10,0.0806,0.0161,0.3116,0.4084,1.0000
nemo_gpu_run_auzru,0.60,0.55,0.10,0.0101,0.0000,0.0005,0.0106,1.0000
nemo_gpu_run_aepyx_dl,0.60,0.55,0.10,0.0811,0.0000,0.0051,0.0862,1.0000
nemo_gpu_run_aggyz_dl,0.60,0.55,0.10,0.0208,0.0000,0.1309,0.1517,1.0000
nemo_gpu_run_aiqwk_dl,0.60,0.55,0.10,0.0396,0.0000,0.2533,0.2929,1.0000
nemo_gpu_run_aorju_dl,0.60,0.55,0.10,0.0770,0.0135,0.2978,0.3884,1.0000
nemo_gpu_run_auzru_dl,0.60,0.55,0.10,0.0101,0.0000,0.0005,0.0106,1.0000
nemo_gpu_run_aepyx_dl_fix,0.60,0.55,0.10,0.0811,0.0000,0.0051,0.0862,1.0000
nemo_gpu_run_aggyz_dl_fix,0.60,0.55,0.10,0.0208,0.0000,0.1309,0.1517,1.0000
nemo_gpu_run_aiqwk_dl_fix,0.60,0.55,0.10,0.0396,0.0000,0.2600,0.2996,1.0000
nemo_gpu_run_aorju_dl_fix,0.60,0.55,0.10,0.0844,0.0073,0.3023,0.3939,1.0000
nemo_gpu_run_auzru_dl_fix,0.60,0.55,0.10,0.0101,0.0000,0.0005,0.0106,1.0000
nemo_gpu_run_eauve_dl,0.60,0.55,0.10,0.0137,0.0056,0.3967,0.4161,1.0000
nemo_gpu_run_eauve_nodl,0.60,0.55,0.10,0.0131,0.0054,0.4651,0.4835,1.0000
nemo_gpu_run_dlast_dl,0.60,0.55,0.10,0.0647,0.0051,0.0149,0.0847,1.0000
nemo_gpu_run_dlast_nodl,0.60,0.55,0.10,0.0647,0.0051,0.0149,0.0847,1.0000
nemo_gpu_run_epygx_dl,0.60,0.55,0.10,0.0567,0.0055,0.0132,0.0754,1.0000
nemo_gpu_run_epygx_nodl,0.60,0.55,0.10,0.0542,0.0095,0.0115,0.0752,1.0000
nemo_gpu_run_2_dl,0.60,0.55,0.10,0.0007,0.0053,0.0449,0.0509,1.0000
nemo_gpu_run_2_nodl,0.60,0.55,0.10,0.0007,0.0113,0.0463,0.0583,1.0000
nemo_gpu_run_aepyx_dl,0.60,0.55,0.10,0.0811,0.0000,0.0051,0.0862,1.0000
nemo_gpu_run_aepyx_nodl,0.60,0.55,0.10,0.0811,0.0000,0.0051,0.0862,1.0000
nemo_gpu_run_aggyz_dl,0.60,0.55,0.10,0.0208,0.0000,0.1309,0.1517,1.0000
nemo_gpu_run_aggyz_nodl,0.60,0.55,0.10,0.0208,0.0000,0.1309,0.1517,1.0000
nemo_gpu_run_aiqwk_dl,0.60,0.55,0.10,0.0396,0.0000,0.2533,0.2929,1.0000
nemo_gpu_run_aiqwk_nodl,0.60,0.55,0.10,0.0396,0.0000,0.2600,0.2996,1.0000
nemo_gpu_run_aorju_dl,0.60,0.55,0.10,0.0622,0.0109,0.2982,0.3712,1.0000
nemo_gpu_run_aorju_nodl,0.60,0.55,0.10,0.0783,0.0086,0.3209,0.4079,1.0000
nemo_gpu_run_auzru_dl,0.60,0.55,0.10,0.0101,0.0000,0.0005,0.0106,1.0000
nemo_gpu_run_auzru_nodl,0.60,0.55,0.10,0.0101,0.0000,0.0005,0.0106,1.0000
nemo_gpu_run_bgvvt_dl,0.60,0.55,0.10,0.1153,0.0061,0.0025,0.1239,1.0000
nemo_gpu_run_bgvvt_nodl,0.60,0.55,0.10,0.1149,0.0057,0.0025,0.1230,1.0000
nemo_gpu_run_bidnq_dl,0.60,0.55,0.10,0.0105,0.0020,0.4859,0.4983,1.0000
nemo_gpu_run_bjruf_nodl,0.60,0.55,0.10,0.0856,0.0000,0.0201,0.1057,1.0000
nemo_gpu_run_bmsyn_dl,0.60,0.55,0.10,0.1767,0.0042,0.0528,0.2337,1.0000
nemo_gpu_run_bmsyn_nodl,0.60,0.55,0.10,0.1767,0.0042,0.0528,0.2337,1.0000
nemo_gpu_run_bpzsc_dl,0.60,0.55,0.10,0.0347,0.0026,0.4663,0.5036,1.0000
nemo_gpu_run_bpzsc_nodl,0.60,0.55,0.10,0.0347,0.0058,0.5422,0.5827,1.0000
nemo_gpu_run_bvqnu_dl,0.60,0.55,0.10,0.0261,0.0000,0.0248,0.0508,1.0000
nemo_gpu_run_bvqnu_nodl,0.60,0.55,0.10,0.0261,0.0000,0.0248,0.0508,1.0000
nemo_gpu_run_bvyvm_dl,0.60,0.55,0.10,0.0470,0.0000,0.0000,0.0470,1.0000
nemo_gpu_run_bvyvm_nodl,0.60,0.55,0.10,0.0470,0.0000,0.0000,0.0470,1.0000
nemo_gpu_run_bxcfq_dl,0.60,0.55,0.10,0.0000,0.0000,0.0000,0.0000,1.0000
nemo_gpu_run_bxcfq_nodl,0.60,0.55,0.10,0.0000,0.0000,0.0000,0.0000,1.0000
nemo_gpu_run_byapz_dl,0.60,0.55,0.10,0.0780,0.0079,0.3185,0.4045,1.0000
nemo_gpu_run_byapz_nodl,0.60,0.55,0.10,0.0780,0.0079,0.3185,0.4045,1.0000
nemo_gpu_run_cadba_dl,0.60,0.55,0.10,0.0226,0.0000,0.2462,0.2688,1.0000
nemo_gpu_run_cadba_nodl,0.60,0.55,0.10,0.0226,0.0000,0.2462,0.2688,1.0000
nemo_gpu_run_cawnd_dl,0.60,0.55,0.10,0.0198,0.0085,0.3123,0.3407,1.0000
nemo_gpu_run_cawnd_nodl,0.60,0.55,0.10,0.0237,0.0066,0.2697,0.3000,1.0000
nemo_gpu_run_clfcg_dl,0.60,0.55,0.10,0.0583,0.0000,0.1148,0.1731,1.0000
nemo_gpu_run_clfcg_nodl,0.60,0.55,0.10,0.0583,0.0000,0.1148,0.1731,1.0000
nemo_gpu_run_cpebh_dl,0.60,0.55,0.10,0.0315,0.0000,0.0000,0.0315,1.0000
nemo_gpu_run_cpebh_nodl,0.60,0.55,0.10,0.0315,0.0000,0.0000,0.0315,1.0000
nemo_gpu_run_cqfmj_dl,0.60,0.55,0.10,0.0669,0.0000,0.1172,0.1841,1.0000
nemo_gpu_run_cqfmj_nodl,0.60,0.55,0.10,0.0669,0.0000,0.1172,0.1841,1.0000
nemo_gpu_run_crorm_dl,0.60,0.55,0.10,0.0138,0.0128,0.0021,0.0286,1.0000
nemo_gpu_run_crorm_nodl,0.60,0.55,0.10,0.0138,0.0128,0.0021,0.0286,1.0000
nemo_gpu_run_crylr_dl,0.60,0.55,0.10,0.1284,0.0016,0.1201,0.2501,1.0000
nemo_gpu_run_crylr_nodl,0.60,0.55,0.10,0.1284,0.0016,0.1201,0.2501,1.0000
nemo_gpu_run_cvofp_dl,0.60,0.55,0.10,0.0632,0.0071,0.0018,0.0721,1.0000
nemo_gpu_run_cvofp_nodl,0.60,0.55,0.10,0.0632,0.0071,0.0018,0.0721,1.0000
nemo_gpu_run_cwbvu_dl,0.60,0.55,0.10,0.0312,0.0138,0.5075,0.5525,1.0000
nemo_gpu_run_cwbvu_nodl,0.60,0.55,0.10,0.0312,0.0138,0.5075,0.5525,1.0000
nemo_gpu_run_dgvwu_dl,0.60,0.55,0.10,0.0189,0.0018,0.1293,0.1500,1.0000
nemo_gpu_run_dgvwu_nodl,0.60,0.55,0.10,0.0189,0.0018,0.1293,0.1500,1.0000
nemo_gpu_run_diysk_dl,0.60,0.55,0.10,0.0736,0.0083,0.2970,0.3790,1.0000
nemo_gpu_run_diysk_nodl,0.60,0.55,0.10,0.0736,0.0058,0.3012,0.3806,1.0000
nemo_gpu_run_dkabn_dl,0.60,0.55,0.10,0.0950,0.0058,0.0670,0.1678,1.0000
nemo_gpu_run_dkabn_nodl,0.60,0.55,0.10,0.0950,0.0058,0.0670,0.1678,1.0000
nemo_gpu_run_dlast_dl,0.60,0.55,0.10,0.0647,0.0051,0.0149,0.0847,1.0000
nemo_gpu_run_dlast_nodl,0.60,0.55,0.10,0.0647,0.0051,0.0149,0.0847,1.0000
nemo_gpu_run_dohag_dl,0.60,0.55,0.10,0.0307,0.0220,0.0000,0.0527,1.0000
nemo_gpu_run_dohag_nodl,0.60,0.55,0.10,0.0307,0.0000,0.0000,0.0307,1.0000
nemo_gpu_run_duvox_dl,0.60,0.55,0.10,0.0679,0.0049,0.0537,0.1265,1.0000
nemo_gpu_run_duvox_nodl,0.60,0.55,0.10,0.0678,0.0045,0.0787,0.1510,1.0000
nemo_gpu_run_dxbbt_dl,0.60,0.55,0.10,0.0143,0.0038,0.0003,0.0184,1.0000
nemo_gpu_run_dxbbt_nodl,0.60,0.55,0.10,0.0143,0.0038,0.0003,0.0184,1.0000
nemo_gpu_run_dxokr_dl,0.60,0.55,0.10,0.0222,0.0000,0.2127,0.2349,1.0000
nemo_gpu_run_dxokr_nodl,0.60,0.55,0.10,0.0222,0.0000,0.2127,0.2349,1.0000
nemo_gpu_run_dzsef_dl,0.60,0.55,0.10,0.0097,0.0000,0.0000,0.0097,1.0000
nemo_gpu_run_dzsef_nodl,0.60,0.55,0.10,0.0097,0.0000,0.0000,0.0097,1.0000
nemo_gpu_run_dzxut_dl,0.60,0.55,0.10,0.0793,0.0027,0.4749,0.5568,1.0000
nemo_gpu_run_dzxut_nodl,0.60,0.55,0.10,0.0793,0.0027,0.4749,0.5568,1.0000
nemo_gpu_run_eauve_dl,0.60,0.55,0.10,0.0128,0.0043,0.4749,0.4920,1.0000
nemo_gpu_run_eauve_nodl,0.60,0.55,0.10,0.0128,0.0061,0.4762,0.4950,1.0000
nemo_gpu_run_eazeq_dl,0.60,0.55,0.10,0.0189,0.0000,0.0000,0.0189,1.0000
nemo_gpu_run_eddje_dl,0.60,0.55,0.10,0.0870,0.0022,0.0026,0.0918,1.0000
nemo_gpu_run_eddje_nodl,0.60,0.55,0.10,0.0870,0.0022,0.0026,0.0918,1.0000
nemo_gpu_run_eguui_dl,0.60,0.55,0.10,0.1539,0.0000,0.0000,0.1539,1.0000
nemo_gpu_run_eguui_nodl,0.60,0.55,0.10,0.1539,0.0000,0.0000,0.1539,1.0000
nemo_gpu_run_eoyaz_dl,0.60,0.55,0.10,0.0089,0.0000,0.1034,0.1123,1.0000
nemo_gpu_run_eoyaz_nodl,0.60,0.55,0.10,0.0089,0.0000,0.1034,0.1123,1.0000
nemo_gpu_run_epygx_nodl,0.60,0.55,0.10,0.0647,0.0058,0.0115,0.0820,1.0000
nemo_gpu_run_eqsta_dl,0.60,0.55,0.10,0.0693,0.0054,0.4899,0.5646,1.0000
nemo_gpu_run_eqsta_nodl,0.60,0.55,0.10,0.0693,0.0069,0.4280,0.5042,1.0000
nemo_gpu_run_erslt_dl,0.60,0.55,0.10,0.1140,0.0000,0.0440,0.1580,1.0000
nemo_gpu_run_erslt_nodl,0.60,0.55,0.10,0.1140,0.0000,0.0440,0.1580,1.0000
nemo_gpu_run_eucfa_dl,0.60,0.55,0.10,0.0018,0.0000,0.2035,0.2052,1.0000
nemo_gpu_run_eucfa_nodl,0.60,0.55,0.10,0.0018,0.0000,0.2035,0.2052,1.0000
nemo_gpu_run_euqef_dl,0.60,0.55,0.10,0.5440,0.0000,0.0000,0.5440,1.0000
nemo_gpu_run_euqef_nodl,0.60,0.55,0.10,0.5440,0.0000,0.0000,0.5440,1.0000
nemo_gpu_run_ezxso_dl,0.60,0.55,0.10,0.0237,0.0000,0.1356,0.1593,1.0000
nemo_gpu_run_ezxso_nodl,0.60,0.55,0.10,0.0237,0.0000,0.1356,0.1593,1.0000
nemo_gpu_run_fijfi_dl,0.60,0.55,0.10,0.0966,0.0023,0.0154,0.1142,1.0000
nemo_gpu_run_fijfi_nodl,0.60,0.55,0.10,0.0966,0.0029,0.0152,0.1147,1.0000
nemo_gpu_run_fowhl_dl,0.60,0.55,0.10,0.0477,0.0108,0.0800,0.1385,1.0000
nemo_gpu_run_fowhl_nodl,0.60,0.55,0.10,0.0470,0.0099,0.0522,0.1091,1.0000
nemo_gpu_run_fpfvy_dl,0.60,0.55,0.10,0.0260,0.0008,0.2167,0.2435,1.0000
nemo_gpu_run_fpfvy_nodl,0.60,0.55,0.10,0.0260,0.0008,0.2167,0.2435,1.0000
nemo_gpu_run_fqrnu_dl,0.60,0.55,0.10,0.0183,0.0121,0.2257,0.2561,1.0000
nemo_gpu_run_fqrnu_nodl,0.60,0.55,0.10,0.0183,0.0121,0.2257,0.2561,1.0000
nemo_gpu_run_fuzfh_dl,0.60,0.55,0.10,0.0050,0.0000,0.2097,0.2147,1.0000
nemo_gpu_run_fuzfh_nodl,0.60,0.55,0.10,0.0050,0.0000,0.2097,0.2147,1.0000
nemo_gpu_run_fvhrk_dl,0.60,0.55,0.10,0.0265,0.0089,0.0000,0.0354,1.0000
nemo_gpu_run_fvhrk_nodl,0.60,0.55,0.10,0.0270,0.0079,0.0000,0.0350,1.0000
nemo_gpu_run_fxnwf_dl,0.60,0.55,0.10,0.3515,0.0199,0.0452,0.4165,1.0000
nemo_gpu_run_fxnwf_nodl,0.60,0.55,0.10,0.3463,0.0210,0.0462,0.4136,1.0000
nemo_gpu_run_fyqoe_dl,0.60,0.55,0.10,0.0222,0.0000,0.0232,0.0455,1.0000
nemo_gpu_run_fyqoe_nodl,0.60,0.55,0.10,0.0222,0.0000,0.0232,0.0455,1.0000
nemo_gpu_run_fzwtp_dl,0.60,0.55,0.10,0.2243,0.0064,0.0767,0.3074,1.0000
nemo_gpu_run_fzwtp_nodl,0.60,0.55,0.10,0.2243,0.0064,0.0767,0.3074,1.0000
nemo_gpu_run_gcfwp_dl,0.60,0.55,0.10,0.2554,0.0158,0.1686,0.4398,1.0000
nemo_gpu_run_gcfwp_nodl,0.60,0.55,0.10,0.2554,0.0158,0.1686,0.4398,1.0000
nemo_gpu_run_gcvrb_dl,0.60,0.55,0.10,0.0584,0.0071,0.0021,0.0676,1.0000
nemo_gpu_run_gcvrb_nodl,0.60,0.55,0.10,0.0581,0.0094,0.0022,0.0696,1.0000
nemo_gpu_run_gfneh_dl,0.60,0.55,0.10,0.0327,0.0000,0.0000,0.0327,1.0000
nemo_gpu_run_gfneh_nodl,0.60,0.55,0.10,0.0327,0.0000,0.0000,0.0327,1.0000
nemo_gpu_run_gkiki_dl,0.60,0.55,0.10,0.0252,0.0000,0.0007,0.0259,1.0000
nemo_gpu_run_gkiki_nodl,0.60,0.55,0.10,0.0252,0.0000,0.0007,0.0259,1.0000
nemo_gpu_run_gmmwm_dl,0.60,0.55,0.10,0.0396,0.0017,0.0024,0.0436,1.0000
nemo_gpu_run_gmmwm_nodl,0.60,0.55,0.10,0.0396,0.0017,0.0024,0.0436,1.0000
nemo_gpu_run_gtjow_dl,0.60,0.55,0.10,0.0312,0.0498,0.0005,0.0815,1.0000
nemo_gpu_run_gtjow_nodl,0.60,0.55,0.10,0.0312,0.0498,0.0005,0.0815,1.0000
nemo_gpu_run_gtnjb_dl,0.60,0.55,0.10,0.0030,0.0000,0.3004,0.3034,1.0000
nemo_gpu_run_gtnjb_nodl,0.60,0.55,0.10,0.0030,0.0000,0.3004,0.3034,1.0000
nemo_gpu_run_gukoa_dl,0.60,0.55,0.10,0.0348,0.0021,0.3740,0.4108,1.0000
nemo_gpu_run_gukoa_nodl,0.60,0.55,0.10,0.0348,0.0021,0.3740,0.4108,1.0000
nemo_gpu_run_guvqf_dl,0.60,0.55,0.10,0.2301,0.0027,0.3806,0.6134,1.0000
nemo_gpu_run_guvqf_nodl,0.60,0.55,0.10,0.2454,0.0038,0.3957,0.6449,1.0000
nemo_gpu_run_gwloo_dl,0.60,0.55,0.10,0.0821,0.0000,0.0000,0.0821,1.0000
nemo_gpu_run_gwloo_nodl,0.60,0.55,0.10,0.0821,0.0000,0.0000,0.0821,1.0000
nemo_gpu_run_gylzn_dl,0.60,0.55,0.10,0.0121,0.0000,0.0005,0.0126,1.0000
nemo_gpu_run_gylzn_nodl,0.60,0.55,0.10,0.0121,0.0000,0.0005,0.0126,1.0000
nemo_gpu_run_gyomp_dl,0.60,0.55,0.10,0.0439,0.0000,0.0071,0.0510,1.0000
nemo_gpu_run_gyomp_nodl,0.60,0.55,0.10,0.0439,0.0000,0.0071,0.0510,1.0000
nemo_gpu_run_gzhwb_dl,0.60,0.55,0.10,0.1264,0.0080,0.1165,0.2509,1.0000
nemo_gpu_run_hcyak_dl,0.60,0.55,0.10,0.0094,0.0034,0.2379,0.2507,1.0000
nemo_gpu_run_hcyak_nodl,0.60,0.55,0.10,0.0094,0.0034,0.2379,0.2507,1.0000
nemo_gpu_run_heolf_dl,0.60,0.55,0.10,0.0396,0.0050,0.1615,0.2061,1.0000
nemo_gpu_run_heolf_nodl,0.60,0.55,0.10,0.0376,0.0130,0.1734,0.2240,1.0000
nemo_gpu_run_hhepf_dl,0.60,0.55,0.10,0.0581,0.0008,0.0115,0.0703,1.0000
nemo_gpu_run_hhepf_nodl,0.60,0.55,0.10,0.0581,0.0008,0.0115,0.0703,1.0000
nemo_gpu_run_hqhrb_dl,0.60,0.55,0.10,0.1052,0.0006,0.0043,0.1100,1.0000
nemo_gpu_run_hqhrb_nodl,0.60,0.55,0.10,0.1052,0.0006,0.0043,0.1100,1.0000
nemo_gpu_run_iabca_dl,0.60,0.55,0.10,0.0627,0.0008,0.0154,0.0789,1.0000
nemo_gpu_run_iabca_nodl,0.60,0.55,0.10,0.0627,0.0008,0.0154,0.0789,1.0000
nemo_gpu_run_iacod_dl,0.60,0.55,0.10,0.1753,0.0009,0.1402,0.3164,1.0000
nemo_gpu_run_iacod_nodl,0.60,0.55,0.10,0.1753,0.0009,0.1402,0.3164,1.0000
nemo_gpu_run_ibrnm_dl,0.60,0.55,0.10,0.0347,0.0019,0.1718,0.2084,1.0000
nemo_gpu_run_ibrnm_nodl,0.60,0.55,0.10,0.0326,0.0029,0.1700,0.2055,1.0000
nemo_gpu_run_ifwki_nodl,0.60,0.55,0.10,0.0304,0.0058,0.0012,0.0373,1.0000
nemo_gpu_run_iiprr_dl,0.60,0.55,0.10,0.0333,0.0046,0.1237,0.1616,1.0000
nemo_gpu_run_iiprr_nodl,0.60,0.55,0.10,0.0333,0.0048,0.1838,0.2218,1.0000
nemo_gpu_run_ikhje_dl,0.60,0.55,0.10,0.0450,0.0048,0.3215,0.3713,1.0000
nemo_gpu_run_ikhje_nodl,0.60,0.55,0.10,0.0455,0.0051,0.3443,0.3949,1.0000
nemo_gpu_run_iowob_dl,0.60,0.55,0.10,0.0293,0.0086,0.1308,0.1687,1.0000
nemo_gpu_run_iowob_nodl,0.60,0.55,0.10,0.0287,0.0080,0.1561,0.1928,1.0000
nemo_gpu_run_isrps_dl,0.60,0.55,0.10,0.0551,0.0000,0.0013,0.0564,1.0000
nemo_gpu_run_isrps_nodl,0.60,0.55,0.10,0.0551,0.0000,0.0013,0.0564,1.0000
nemo_gpu_run_isxwc_dl,0.60,0.55,0.10,0.0801,0.0000,0.2667,0.3468,1.0000
nemo_gpu_run_isxwc_nodl,0.60,0.55,0.10,0.0801,0.0000,0.2667,0.3468,1.0000
nemo_gpu_run_jbowg_dl,0.60,0.55,0.10,0.0217,0.0047,0.3525,0.3789,1.0000
nemo_gpu_run_jbowg_nodl,0.60,0.55,0.10,0.0254,0.0015,0.3831,0.4100,1.0000
nemo_gpu_run_jdrwl_dl,0.60,0.55,0.10,0.0073,0.0023,0.0026,0.0121,1.0000
nemo_gpu_run_jdrwl_nodl,0.60,0.55,0.10,0.0073,0.0023,0.0026,0.0121,1.0000
nemo_gpu_run_jeymh_dl,0.60,0.55,0.10,0.0461,0.0008,0.1401,0.1869,1.0000
nemo_gpu_run_jeymh_nodl,0.60,0.55,0.10,0.0461,0.0008,0.1401,0.1869,1.0000
nemo_gpu_run_jgiyq_dl,0.60,0.55,0.10,0.0508,0.0081,0.0911,0.1500,1.0000
nemo_gpu_run_jgiyq_nodl,0.60,0.55,0.10,0.0508,0.0081,0.0911,0.1500,1.0000
nemo_gpu_run_jjkrt_dl,0.60,0.55,0.10,0.0771,0.0078,0.0143,0.0992,1.0000
nemo_gpu_run_jjkrt_nodl,0.60,0.55,0.10,0.0765,0.0076,0.0117,0.0957,1.0000
nemo_gpu_run_jjvkx_dl,0.60,0.55,0.10,0.0057,0.0001,0.0007,0.0065,1.0000
nemo_gpu_run_jjvkx_nodl,0.60,0.55,0.10,0.0057,0.0001,0.0007,0.0065,1.0000
nemo_gpu_run_jrfaz_dl,0.60,0.55,0.10,0.0172,0.0109,0.0018,0.0299,1.0000
nemo_gpu_run_jrfaz_nodl,0.60,0.55,0.10,0.0172,0.0109,0.0018,0.0299,1.0000
nemo_gpu_run_jsbdo_dl,0.60,0.55,0.10,0.0367,0.0036,0.1645,0.2048,1.0000
nemo_gpu_run_jsbdo_nodl,0.60,0.55,0.10,0.0365,0.0059,0.1626,0.2050,1.0000
nemo_gpu_run_jsymf_dl,0.60,0.55,0.10,0.0718,0.0055,0.1770,0.2543,1.0000
nemo_gpu_run_jsymf_nodl,0.60,0.55,0.10,0.0718,0.0055,0.1770,0.2543,1.0000
nemo_gpu_run_jttar_dl,0.60,0.55,0.10,0.0218,0.0042,0.0395,0.0656,1.0000
nemo_gpu_run_jttar_nodl,0.60,0.55,0.10,0.0218,0.0042,0.0395,0.0656,1.0000
nemo_gpu_run_jwggf_dl,0.60,0.55,0.10,0.0409,0.0391,0.1335,0.2135,1.0000
nemo_gpu_run_jwggf_nodl,0.60,0.55,0.10,0.0412,0.0388,0.1489,0.2290,1.0000
nemo_gpu_run_jxpom_dl,0.60,0.55,0.10,0.1337,0.0219,0.3877,0.5433,1.0000
nemo_gpu_run_jxpom_nodl,0.60,0.55,0.10,0.1338,0.0276,0.0958,0.2572,1.0000
nemo_gpu_run_jxydp_dl,0.60,0.55,0.10,0.0000,0.0000,0.0000,0.0000,1.0000
nemo_gpu_run_jxydp_nodl,0.60,0.55,0.10,0.0000,0.0000,0.0000,0.0000,1.0000
nemo_gpu_run_jzkzt_dl,0.60,0.55,0.10,0.0671,0.0063,0.3891,0.4625,1.0000
nemo_gpu_run_jzkzt_nodl,0.60,0.55,0.10,0.0677,0.0039,0.4069,0.4785,1.0000
nemo_gpu_run_kajfh_dl,0.60,0.55,0.10,0.1265,0.0170,0.0192,0.1627,1.0000
nemo_gpu_run_kajfh_nodl,0.60,0.55,0.10,0.1316,0.0091,0.0211,0.1618,1.0000
nemo_gpu_run_kgjaa_dl,0.60,0.55,0.10,0.0356,0.0067,0.3096,0.3519,1.0000
nemo_gpu_run_kgjaa_nodl,0.60,0.55,0.10,0.0318,0.0075,0.1259,0.1652,1.0000
nemo_gpu_run_kmjvh_dl,0.60,0.55,0.10,0.0888,0.0000,0.1149,0.2037,1.0000
nemo_gpu_run_kmjvh_nodl,0.60,0.55,0.10,0.0888,0.0000,0.1149,0.2037,1.0000
nemo_gpu_run_kmunk_dl,0.60,0.55,0.10,0.0271,0.0001,0.0006,0.0278,1.0000
nemo_gpu_run_kmunk_nodl,0.60,0.55,0.10,0.0271,0.0001,0.0006,0.0278,1.0000
nemo_gpu_run_kpjud_dl,0.60,0.55,0.10,0.0079,0.0000,0.2711,0.2790,1.0000
nemo_gpu_run_kpjud_nodl,0.60,0.55,0.10,0.0079,0.0000,0.2711,0.2790,1.0000
nemo_gpu_run_ktvto_dl,0.60,0.55,0.10,0.0572,0.0026,0.2423,0.3022,1.0000
nemo_gpu_run_ktvto_nodl,0.60,0.55,0.10,0.0580,0.0024,0.3266,0.3870,1.0000
nemo_gpu_run_kvkje_dl,0.60,0.55,0.10,0.3433,0.0009,0.0127,0.3568,1.0000
nemo_gpu_run_kvkje_nodl,0.60,0.55,0.10,0.3433,0.0009,0.0127,0.3568,1.0000
nemo_gpu_run_kzmyi_dl,0.60,0.55,0.10,0.1686,0.0061,0.0823,0.2570,1.0000
nemo_gpu_run_kzmyi_nodl,0.60,0.55,0.10,0.1394,0.0094,0.0850,0.2337,1.0000
nemo_gpu_run_laoyl_dl,0.60,0.55,0.10,0.0361,0.0355,0.0017,0.0733,1.0000
nemo_gpu_run_laoyl_nodl,0.60,0.55,0.10,0.0361,0.0355,0.0017,0.0733,1.0000
nemo_gpu_run_lbfnx_dl,0.60,0.55,0.10,0.0615,0.0034,0.0173,0.0822,1.0000
nemo_gpu_run_lbfnx_nodl,0.60,0.55,0.10,0.0615,0.0034,0.0173,0.0822,1.0000
nemo_gpu_run_ledhe_dl,0.60,0.55,0.10,0.0246,0.0000,0.0001,0.0247,1.0000
nemo_gpu_run_ledhe_nodl,0.60,0.55,0.10,0.0246,0.0000,0.0001,0.0247,1.0000
nemo_gpu_run_leneg_dl,0.60,0.55,0.10,0.1110,0.0000,0.0040,0.1151,1.0000
nemo_gpu_run_leneg_nodl,0.60,0.55,0.10,0.1110,0.0000,0.0040,0.1151,1.0000
nemo_gpu_run_lhuly_dl,0.60,0.55,0.10,0.0370,0.0123,0.0691,0.1183,1.0000
nemo_gpu_run_lhuly_nodl,0.60,0.55,0.10,0.0322,0.0078,0.2179,0.2579,1.0000
nemo_gpu_run_lilfy_dl,0.60,0.55,0.10,0.0531,0.0000,0.2431,0.2963,1.0000
nemo_gpu_run_lilfy_nodl,0.60,0.55,0.10,0.0531,0.0000,0.2431,0.2963,1.0000
nemo_gpu_run_ljpes_dl,0.60,0.55,0.10,0.0481,0.0000,0.0003,0.0484,1.0000
nemo_gpu_run_ljpes_nodl,0.60,0.55,0.10,0.0481,0.0000,0.0003,0.0484,1.0000
nemo_gpu_run_lkikz_dl,0.60,0.55,0.10,0.0520,0.0044,0.0014,0.0577,1.0000
nemo_gpu_run_lkikz_nodl,0.60,0.55,0.10,0.0520,0.0061,0.0009,0.0590,1.0000
nemo_gpu_run_lpola_dl,0.60,0.55,0.10,0.0541,0.0062,0.0966,0.1569,1.0000
nemo_gpu_run_lpola_nodl,0.60,0.55,0.10,0.0541,0.0062,0.0966,0.1569,1.0000
nemo_gpu_run_lscfc_dl,0.60,0.55,0.10,0.1277,0.0045,0.0427,0.1749,1.0000
nemo_gpu_run_lscfc_nodl,0.60,0.55,0.10,0.1286,0.0041,0.0608,0.1935,1.0000
nemo_gpu_run_ltgmz_dl,0.60,0.55,0.10,0.1355,0.0145,0.0066,0.1566,1.0000
nemo_gpu_run_ltgmz_nodl,0.60,0.55,0.10,0.1392,0.0145,0.0066,0.1602,1.0000
nemo_gpu_run_lubpm_dl,0.60,0.55,0.10,0.4721,0.0000,0.0000,0.4721,1.0000
nemo_gpu_run_lubpm_nodl,0.60,0.55,0.10,0.4721,0.0000,0.0000,0.4721,1.0000
nemo_gpu_run_luobn_dl,0.60,0.55,0.10,0.0140,0.0024,0.0029,0.0192,1.0000
nemo_gpu_run_luobn_nodl,0.60,0.55,0.10,0.0140,0.0024,0.0029,0.0192,1.0000
nemo_gpu_run_mbzht_dl,0.60,0.55,0.10,0.0144,0.0000,0.3410,0.3554,1.0000
nemo_gpu_run_mbzht_nodl,0.60,0.55,0.10,0.0144,0.0000,0.3410,0.3554,1.0000
nemo_gpu_run_mclsr_dl,0.60,0.55,0.10,0.0456,0.0000,0.3530,0.3986,1.0000
nemo_gpu_run_mclsr_nodl,0.60,0.55,0.10,0.0456,0.0000,0.3530,0.3986,1.0000
nemo_gpu_run_mhwyr_dl,0.60,0.55,0.10,0.1018,0.0049,0.2983,0.4051,1.0000
nemo_gpu_run_mhwyr_nodl,0.60,0.55,0.10,0.1023,0.0060,0.0271,0.1354,1.0000
nemo_gpu_run_mjmgr_dl,0.60,0.55,0.10,0.0335,0.0000,0.3619,0.3955,1.0000
nemo_gpu_run_mjmgr_nodl,0.60,0.55,0.10,0.0335,0.0000,0.3619,0.3955,1.0000
nemo_gpu_run_mkhie_dl,0.60,0.55,0.10,0.0657,0.0104,0.2412,0.3173,1.0000
nemo_gpu_run_mkhie_nodl,0.60,0.55,0.10,0.0634,0.0105,0.3863,0.4603,1.0000
nemo_gpu_run_mqtep_dl,0.60,0.55,0.10,0.0317,0.0002,0.0000,0.0319,1.0000
nemo_gpu_run_mqtep_nodl,0.60,0.55,0.10,0.0317,0.0002,0.0000,0.0319,1.0000
nemo_gpu_run_msbyq_dl,0.60,0.55,0.10,0.0000,0.0000,0.1631,0.1631,1.0000
nemo_gpu_run_msbyq_nodl,0.60,0.55,0.10,0.0000,0.0000,0.1631,0.1631,1.0000
nemo_gpu_run_mupzb_dl,0.60,0.55,0.10,0.2235,0.0000,0.0000,0.2235,1.0000
nemo_gpu_run_mupzb_nodl,0.60,0.55,0.10,0.2235,0.0000,0.0000,0.2235,1.0000
nemo_gpu_run_mxdpo_dl,0.60,0.55,0.10,0.7388,0.0000,0.0033,0.7421,1.0000
nemo_gpu_run_mxdpo_nodl,0.60,0.55,0.10,0.7598,0.0000,0.0033,0.7632,1.0000
nemo_gpu_run_mxduo_dl,0.60,0.55,0.10,0.0780,0.0084,0.2886,0.3751,1.0000
nemo_gpu_run_mxduo_nodl,0.60,0.55,0.10,0.0780,0.0084,0.2886,0.3751,1.0000
nemo_gpu_run_myjoe_dl,0.60,0.55,0.10,0.1249,0.0004,0.0176,0.1429,1.0000
nemo_gpu_run_myjoe_nodl,0.60,0.55,0.10,0.1249,0.0004,0.0176,0.1429,1.0000
nemo_gpu_run_neiye_dl,0.60,0.55,0.10,0.0028,0.0000,0.0000,0.0028,1.0000
nemo_gpu_run_neiye_nodl,0.60,0.55,0.10,0.0028,0.0000,0.0000,0.0028,1.0000
nemo_gpu_run_nitgx_dl,0.60,0.55,0.10,0.0202,0.0034,0.1475,0.1712,1.0000
nemo_gpu_run_nitgx_nodl,0.60,0.55,0.10,0.0205,0.0033,0.1756,0.1994,1.0000
nemo_gpu_run_nkqzr_dl,0.60,0.55,0.10,0.0855,0.0112,0.3780,0.4747,1.0000
nemo_gpu_run_nkqzr_nodl,0.60,0.55,0.10,0.0849,0.0097,0.3035,0.3981,1.0000
nemo_gpu_run_nlvdr_dl,0.60,0.55,0.10,0.1035,0.0072,0.0218,0.1325,1.0000
nemo_gpu_run_nlvdr_nodl,0.60,0.55,0.10,0.1035,0.0072,0.0218,0.1325,1.0000
nemo_gpu_run_nprxc_dl,0.60,0.55,0.10,0.1675,0.0035,0.0504,0.2213,1.0000
nemo_gpu_run_nprxc_nodl,0.60,0.55,0.10,0.1675,0.0035,0.0504,0.2213,1.0000
nemo_gpu_run_nqcpi_dl,0.60,0.55,0.10,0.0419,0.0000,0.1432,0.1851,1.0000
nemo_gpu_run_nqcpi_nodl,0.60,0.55,0.10,0.0419,0.0000,0.1432,0.1851,1.0000
nemo_gpu_run_nqyqm_dl,0.60,0.55,0.10,0.0277,0.0024,0.2153,0.2455,1.0000
nemo_gpu_run_nqyqm_nodl,0.60,0.55,0.10,0.0277,0.0024,0.2153,0.2455,1.0000
nemo_gpu_run_ocfop_dl,0.60,0.55,0.10,0.0090,0.0007,0.0009,0.0105,1.0000
nemo_gpu_run_ocfop_nodl,0.60,0.55,0.10,0.0090,0.0007,0.0009,0.0105,1.0000
nemo_gpu_run_ofbxh_dl,0.60,0.55,0.10,0.0821,0.0104,0.0237,0.1162,1.0000
nemo_gpu_run_ofbxh_nodl,0.60,0.55,0.10,0.0821,0.0104,0.0237,0.1162,1.0000
nemo_gpu_run_olzkb_dl,0.60,0.55,0.10,0.0641,0.0034,0.0049,0.0724,1.0000
nemo_gpu_run_olzkb_nodl,0.60,0.55,0.10,0.0641,0.0034,0.0049,0.0724,1.0000
nemo_gpu_run_ooxlj_dl,0.60,0.55,0.10,0.2241,0.0000,0.0000,0.2241,1.0000
nemo_gpu_run_ooxlj_nodl,0.60,0.55,0.10,0.2241,0.0000,0.0000,0.2241,1.0000
nemo_gpu_run_optsn_dl,0.60,0.55,0.10,0.1476,0.0106,0.0970,0.2552,1.0000
nemo_gpu_run_oqwpd_dl,0.60,0.55,0.10,0.0025,0.0077,0.0002,0.0105,1.0000
nemo_gpu_run_oqwpd_nodl,0.60,0.55,0.10,0.0025,0.0077,0.0002,0.0105,1.0000
nemo_gpu_run_otmpf_dl,0.60,0.55,0.10,0.0219,0.0000,0.3555,0.3773,1.0000
nemo_gpu_run_otmpf_nodl,0.60,0.55,0.10,0.0219,0.0000,0.3555,0.3773,1.0000
nemo_gpu_run_oubab_dl,0.60,0.55,0.10,0.1103,0.0137,0.0578,0.1818,1.0000
nemo_gpu_run_oubab_nodl,0.60,0.55,0.10,0.1106,0.0120,0.0557,0.1782,1.0000
nemo_gpu_run_ouvtt_dl,0.60,0.55,0.10,0.1151,0.0000,0.0314,0.1465,1.0000
nemo_gpu_run_ouvtt_nodl,0.60,0.55,0.10,0.1151,0.0000,0.0314,0.1465,1.0000
nemo_gpu_run_pccww_dl,0.60,0.55,0.10,0.0175,0.0000,0.0000,0.0175,1.0000
nemo_gpu_run_pccww_nodl,0.60,0.55,0.10,0.0175,0.0000,0.0000,0.0175,1.0000
nemo_gpu_run_pgtkk_dl,0.60,0.55,0.10,0.0375,0.0000,0.0591,0.0966,1.0000
nemo_gpu_run_pgtkk_nodl,0.60,0.55,0.10,0.0375,0.0000,0.0591,0.0966,1.0000
nemo_gpu_run_pkwrt_dl,0.60,0.55,0.10,0.0001,0.0061,0.2259,0.2320,1.0000
nemo_gpu_run_pkwrt_nodl,0.60,0.55,0.10,0.0001,0.0061,0.2259,0.2320,1.0000
nemo_gpu_run_poucc_nodl,0.60,0.55,0.10,0.0778,0.0048,0.0720,0.1546,1.0000
nemo_gpu_run_ppexo_dl,0.60,0.55,0.10,0.4973,0.0048,0.0000,0.5022,1.0000
nemo_gpu_run_ppexo_nodl,0.60,0.55,0.10,0.4973,0.0048,0.0000,0.5022,1.0000
nemo_gpu_run_ptses_dl,0.60,0.55,0.10,0.2914,0.0039,0.1401,0.4354,1.0000
nemo_gpu_run_ptses_nodl,0.60,0.55,0.10,0.2961,0.0036,0.1322,0.4319,1.0000
nemo_gpu_run_pwnsw_dl,0.60,0.55,0.10,0.0641,0.0127,0.5036,0.5804,1.0000
nemo_gpu_run_pxqme_dl,0.60,0.55,0.10,0.0314,0.0000,0.0000,0.0314,1.0000
nemo_gpu_run_pxqme_nodl,0.60,0.55,0.10,0.0314,0.0000,0.0000,0.0314,1.0000
nemo_gpu_run_pzxit_dl,0.60,0.55,0.10,0.0239,0.0045,0.0022,0.0307,1.0000
nemo_gpu_run_pzxit_nodl,0.60,0.55,0.10,0.0239,0.0045,0.0022,0.0307,1.0000
nemo_gpu_run_qadia_dl,0.60,0.55,0.10,0.1380,0.0032,0.0770,0.2182,1.0000
nemo_gpu_run_qadia_nodl,0.60,0.55,0.10,0.1380,0.0032,0.0770,0.2182,1.0000
nemo_gpu_run_qajyo_dl,0.60,0.55,0.10,0.0142,0.0037,0.3324,0.3502,1.0000
nemo_gpu_run_qajyo_nodl,0.60,0.55,0.10,0.0142,0.0046,0.4061,0.4248,1.0000
nemo_gpu_run_qeejz_dl,0.60,0.55,0.10,0.0774,0.0000,0.0954,0.1728,1.0000
nemo_gpu_run_qeejz_nodl,0.60,0.55,0.10,0.0774,0.0000,0.0954,0.1728,1.0000
nemo_gpu_run_qlrry_dl,0.60,0.55,0.10,0.3552,0.0079,0.1754,0.5385,1.0000
nemo_gpu_run_qlrry_nodl,0.60,0.55,0.10,0.3552,0.0079,0.1754,0.5385,1.0000
nemo_gpu_run_qoarn_dl,0.60,0.55,0.10,0.0418,0.0096,0.0639,0.1153,1.0000
nemo_gpu_run_qoarn_nodl,0.60,0.55,0.10,0.0418,0.0096,0.0639,0.1153,1.0000
nemo_gpu_run_qwepo_dl,0.60,0.55,0.10,0.0081,0.0000,0.0013,0.0093,1.0000
nemo_gpu_run_qwepo_nodl,0.60,0.55,0.10,0.0081,0.0001,0.0013,0.0094,1.0000
nemo_gpu_run_qxana_dl,0.60,0.55,0.10,0.0424,0.0031,0.1511,0.1966,1.0000
nemo_gpu_run_qxana_nodl,0.60,0.55,0.10,0.0367,0.0115,0.1204,0.1685,1.0000
nemo_gpu_run_ralnu_dl,0.60,0.55,0.10,0.1839,0.0058,0.1244,0.3141,1.0000
nemo_gpu_run_ralnu_nodl,0.60,0.55,0.10,0.1839,0.0058,0.1244,0.3141,1.0000
nemo_gpu_run_rarij_dl,0.60,0.55,0.10,0.0287,0.0105,0.0488,0.0881,1.0000
nemo_gpu_run_rarij_nodl,0.60,0.55,0.10,0.0287,0.0105,0.0488,0.0881,1.0000
nemo_gpu_run_rmvsh_dl,0.60,0.55,0.10,0.0232,0.0053,0.0000,0.0285,1.0000
nemo_gpu_run_rmvsh_nodl,0.60,0.55,0.10,0.0232,0.0053,0.0000,0.0285,1.0000
nemo_gpu_run_rpkso_dl,0.60,0.55,0.10,0.0104,0.0000,0.0056,0.0160,1.0000
nemo_gpu_run_rpkso_nodl,0.60,0.55,0.10,0.0104,0.0000,0.0056,0.0160,1.0000
nemo_gpu_run_rsypp_dl,0.60,0.55,0.10,0.0403,0.0103,0.3877,0.4383,1.0000
nemo_gpu_run_rsypp_nodl,0.60,0.55,0.10,0.0456,0.0118,0.3841,0.4415,1.0000
nemo_gpu_run_rxulz_dl,0.60,0.55,0.10,0.0333,0.0136,0.3775,0.4243,1.0000
nemo_gpu_run_rxulz_nodl,0.60,0.55,0.10,0.0372,0.0113,0.1563,0.2047,1.0000
nemo_gpu_run_ryken_dl,0.60,0.55,0.10,0.0290,0.0006,0.0005,0.0301,1.0000
nemo_gpu_run_ryken_nodl,0.60,0.55,0.10,0.0298,0.0009,0.0003,0.0310,1.0000
nemo_gpu_run_sbrmv_dl,0.60,0.55,0.10,0.0319,0.0117,0.0092,0.0528,1.0000
nemo_gpu_run_sbrmv_nodl,0.60,0.55,0.10,0.0319,0.0117,0.0092,0.0528,1.0000
nemo_gpu_run_sebyw_dl,0.60,0.55,0.10,0.0128,0.0112,0.1218,0.1458,1.0000
nemo_gpu_run_sebyw_nodl,0.60,0.55,0.10,0.0128,0.0112,0.1218,0.1458,1.0000
nemo_gpu_run_sexgc_dl,0.60,0.55,0.10,0.0681,0.0011,0.0109,0.0802,1.0000
nemo_gpu_run_sexgc_nodl,0.60,0.55,0.10,0.0681,0.0011,0.0109,0.0802,1.0000
nemo_gpu_run_sfdvy_dl,0.60,0.55,0.10,0.0398,0.0050,0.0000,0.0449,1.0000
nemo_gpu_run_sfdvy_nodl,0.60,0.55,0.10,0.0398,0.0050,0.0000,0.0449,1.0000
nemo_gpu_run_svxzm_dl,0.60,0.55,0.10,0.0435,0.0007,0.0000,0.0442,1.0000
nemo_gpu_run_svxzm_nodl,0.60,0.55,0.10,0.0435,0.0007,0.0000,0.0442,1.0000
nemo_gpu_run_swbnm_dl,0.60,0.55,0.10,0.0492,0.0026,0.0035,0.0553,1.0000
nemo_gpu_run_swbnm_nodl,0.60,0.55,0.10,0.0492,0.0026,0.0035,0.0553,1.0000
nemo_gpu_run_sxqvt_dl,0.60,0.55,0.10,0.3242,0.0000,0.0078,0.3320,1.0000
nemo_gpu_run_sxqvt_nodl,0.60,0.55,0.10,0.3242,0.0000,0.0078,0.3320,1.0000
nemo_gpu_run_tbjqx_dl,0.60,0.55,0.10,0.0657,0.0041,0.1180,0.1878,1.0000
nemo_gpu_run_tbjqx_nodl,0.60,0.55,0.10,0.0657,0.0041,0.1180,0.1878,1.0000
nemo_gpu_run_thnuq_dl,0.60,0.55,0.10,0.1995,0.0031,0.1511,0.3538,1.0000
nemo_gpu_run_thnuq_nodl,0.60,0.55,0.10,0.1979,0.0043,0.1186,0.3209,1.0000
nemo_gpu_run_tiido_dl,0.60,0.55,0.10,0.1844,0.0000,0.0124,0.1968,1.0000
nemo_gpu_run_tiido_nodl,0.60,0.55,0.10,0.1844,0.0000,0.0124,0.1968,1.0000
nemo_gpu_run_tkhgs_dl,0.60,0.55,0.10,0.0310,0.0047,0.0000,0.0357,1.0000
nemo_gpu_run_tkhgs_nodl,0.60,0.55,0.10,0.0310,0.0047,0.0000,0.0357,1.0000
nemo_gpu_run_tkybe_dl,0.60,0.55,0.10,0.0249,0.0019,0.0009,0.0277,1.0000
nemo_gpu_run_tkybe_nodl,0.60,0.55,0.10,0.0249,0.0019,0.0009,0.0277,1.0000
nemo_gpu_run_tnjoh_dl,0.60,0.55,0.10,0.1270,0.0000,0.2637,0.3906,1.0000
nemo_gpu_run_tnjoh_nodl,0.60,0.55,0.10,0.1270,0.0000,0.2637,0.3906,1.0000
nemo_gpu_run_tpnyf_dl,0.60,0.55,0.10,0.0479,0.0051,0.0037,0.0567,1.0000
nemo_gpu_run_tpnyf_nodl,0.60,0.55,0.10,0.0479,0.0051,0.0037,0.0567,1.0000
nemo_gpu_run_tpslg_dl,0.60,0.55,0.10,0.0194,0.0000,0.0469,0.0663,1.0000
nemo_gpu_run_tpslg_nodl,0.60,0.55,0.10,0.0194,0.0000,0.0469,0.0663,1.0000
nemo_gpu_run_tvtoe_dl,0.60,0.55,0.10,0.0025,0.0015,0.0547,0.0587,1.0000
nemo_gpu_run_tvtoe_nodl,0.60,0.55,0.10,0.0025,0.0015,0.0547,0.0587,1.0000
nemo_gpu_run_uedkc_dl,0.60,0.55,0.10,0.0370,0.0103,0.1597,0.2069,1.0000
nemo_gpu_run_uedkc_nodl,0.60,0.55,0.10,0.0281,0.0120,0.1561,0.1962,1.0000
nemo_gpu_run_uevxo_dl,0.60,0.55,0.10,0.0000,0.0000,0.0018,0.0018,1.0000
nemo_gpu_run_uevxo_nodl,0.60,0.55,0.10,0.0000,0.0000,0.0018,0.0018,1.0000
nemo_gpu_run_uhfrw_dl,0.60,0.55,0.10,0.0790,0.0128,0.2010,0.2928,1.0000
nemo_gpu_run_uicid_dl,0.60,0.55,0.10,0.2139,0.0279,0.0000,0.2417,1.0000
nemo_gpu_run_uicid_nodl,0.60,0.55,0.10,0.2091,0.0385,0.0000,0.2477,1.0000
nemo_gpu_run_upshw_dl,0.60,0.55,0.10,0.0307,0.0058,0.0257,0.0623,1.0000
nemo_gpu_run_upshw_nodl,0.60,0.55,0.10,0.0307,0.0058,0.0257,0.0623,1.0000
nemo_gpu_run_uqxlg_dl,0.60,0.55,0.10,0.0172,0.0000,0.3080,0.3252,1.0000
nemo_gpu_run_uqxlg_nodl,0.60,0.55,0.10,0.0172,0.0000,0.3080,0.3252,1.0000
nemo_gpu_run_usqam_dl,0.60,0.55,0.10,0.0393,0.0915,0.1274,0.2582,1.0000
nemo_gpu_run_usqam_nodl,0.60,0.55,0.10,0.0403,0.0399,0.0519,0.1321,1.0000
nemo_gpu_run_utial_dl,0.60,0.55,0.10,0.0124,0.0031,0.3620,0.3775,1.0000
nemo_gpu_run_utial_nodl,0.60,0.55,0.10,0.0124,0.0031,0.3620,0.3775,1.0000
nemo_gpu_run_vdlvr_dl,0.60,0.55,0.10,0.0115,0.0017,0.0008,0.0141,1.0000
nemo_gpu_run_vdlvr_nodl,0.60,0.55,0.10,0.0115,0.0017,0.0008,0.0141,1.0000
nemo_gpu_run_vgaez_dl,0.60,0.55,0.10,0.2692,0.0000,0.1468,0.4160,1.0000
nemo_gpu_run_vgaez_nodl,0.60,0.55,0.10,0.2692,0.0000,0.1468,0.4160,1.0000
nemo_gpu_run_vgevv_dl,0.60,0.55,0.10,0.1390,0.0055,0.3555,0.4999,1.0000
nemo_gpu_run_vgevv_nodl,0.60,0.55,0.10,0.1390,0.0055,0.3555,0.4999,1.0000
nemo_gpu_run_vncid_dl,0.60,0.55,0.10,0.0677,0.0005,0.3414,0.4096,1.0000
nemo_gpu_run_vncid_nodl,0.60,0.55,0.10,0.0685,0.0005,0.3027,0.3717,1.0000
nemo_gpu_run_vtzqw_dl,0.60,0.55,0.10,0.2643,0.0121,0.1227,0.3991,1.0000
nemo_gpu_run_vtzqw_nodl,0.60,0.55,0.10,0.2643,0.0121,0.1227,0.3991,1.0000
nemo_gpu_run_vuewy_dl,0.60,0.55,0.10,0.0161,0.0031,0.0013,0.0205,1.0000
nemo_gpu_run_vuewy_nodl,0.60,0.55,0.10,0.0161,0.0032,0.0015,0.0208,1.0000
nemo_gpu_run_vylyk_dl,0.60,0.55,0.10,0.7327,0.0000,0.1438,0.8765,1.0000
nemo_gpu_run_vylyk_nodl,0.60,0.55,0.10,0.7327,0.0000,0.1438,0.8765,1.0000
nemo_gpu_run_vzuru_dl,0.60,0.55,0.10,0.0150,0.0037,0.0664,0.0851,1.0000
nemo_gpu_run_vzuru_nodl,0.60,0.55,0.10,0.0150,0.0037,0.0664,0.0851,1.0000
nemo_gpu_run_wcxfk_dl,0.60,0.55,0.10,0.0009,0.0000,0.0024,0.0033,1.0000
nemo_gpu_run_wcxfk_nodl,0.60,0.55,0.10,0.0009,0.0000,0.0024,0.0033,1.0000
nemo_gpu_run_wdvva_dl,0.60,0.55,0.10,0.0239,0.0130,0.0000,0.0370,1.0000
nemo_gpu_run_wemos_dl,0.60,0.55,0.10,0.1805,0.0000,0.1640,0.3445,1.0000
nemo_gpu_run_wemos_nodl,0.60,0.55,0.10,0.1853,0.0000,0.2657,0.4509,1.0000
nemo_gpu_run_wibky_dl,0.60,0.55,0.10,0.2139,0.0000,0.0000,0.2139,1.0000
nemo_gpu_run_wibky_nodl,0.60,0.55,0.10,0.2139,0.0000,0.0000,0.2139,1.0000
nemo_gpu_run_wlfsf_dl,0.60,0.55,0.10,0.0232,0.0041,0.0858,0.1132,1.0000
nemo_gpu_run_wlfsf_nodl,0.60,0.55,0.10,0.0232,0.0041,0.0858,0.1132,1.0000
nemo_gpu_run_wprog_dl,0.60,0.55,0.10,0.3437,0.0283,0.0001,0.3721,1.0000
nemo_gpu_run_wprog_nodl,0.60,0.55,0.10,0.3437,0.0273,0.0001,0.3711,1.0000
nemo_gpu_run_wwvcs_dl,0.60,0.55,0.10,0.1783,0.0060,0.0271,0.2113,1.0000
nemo_gpu_run_wwvcs_nodl,0.60,0.55,0.10,0.1783,0.0060,0.0271,0.2113,1.0000
nemo_gpu_run_wwzsk_dl,0.60,0.55,0.10,0.0012,0.0031,0.0006,0.0048,1.0000
nemo_gpu_run_wwzsk_nodl,0.60,0.55,0.10,0.0012,0.0031,0.0006,0.0048,1.0000
nemo_gpu_run_xffsa_dl,0.60,0.55,0.10,0.0426,0.0101,0.1140,0.1668,1.0000
nemo_gpu_run_xffsa_nodl,0.60,0.55,0.10,0.0408,0.0087,0.4923,0.5418,1.0000
nemo_gpu_run_xggbk_dl,0.60,0.55,0.10,0.0333,0.0026,0.0440,0.0799,1.0000
nemo_gpu_run_xggbk_nodl,0.60,0.55,0.10,0.0326,0.0024,0.2867,0.3216,1.0000
nemo_gpu_run_xkgos_dl,0.60,0.55,0.10,0.0545,0.0136,0.2657,0.3339,1.0000
nemo_gpu_run_xkgos_nodl,0.60,0.55,0.10,0.0544,0.0103,0.0031,0.0678,1.0000
nemo_gpu_run_xkmqx_dl,0.60,0.55,0.10,0.0048,0.0237,0.2894,0.3180,1.0000
nemo_gpu_run_xkmqx_nodl,0.60,0.55,0.10,0.0373,0.0000,0.4639,0.5012,1.0000
nemo_gpu_run_xlsme_dl,0.60,0.55,0.10,0.1082,0.0060,0.0312,0.1454,1.0000
nemo_gpu_run_xlyov_dl,0.60,0.55,0.10,0.0256,0.0037,0.0000,0.0293,1.0000
nemo_gpu_run_xlyov_nodl,0.60,0.55,0.10,0.0256,0.0037,0.0000,0.0293,1.0000
nemo_gpu_run_xmyyy_dl,0.60,0.55,0.10,0.6112,0.0436,0.1650,0.8198,1.0000
nemo_gpu_run_xmyyy_nodl,0.60,0.55,0.10,0.6142,0.0335,0.1785,0.8262,1.0000
nemo_gpu_run_xqxkt_dl,0.60,0.55,0.10,0.0354,0.0056,0.4125,0.4535,1.0000
nemo_gpu_run_xqxkt_nodl,0.60,0.55,0.10,0.0417,0.0093,0.4587,0.5097,1.0000
nemo_gpu_run_xtdcl_dl,0.60,0.55,0.10,0.8541,0.0000,0.1011,0.9552,1.0000
nemo_gpu_run_xtdcl_nodl,0.60,0.55,0.10,0.8541,0.0000,0.1011,0.9552,1.0000
nemo_gpu_run_xtzoq_dl,0.60,0.55,0.10,0.1234,0.0184,0.0507,0.1925,1.0000
nemo_gpu_run_xvxwv_dl,0.60,0.55,0.10,0.0398,0.0000,0.0958,0.1356,1.0000
nemo_gpu_run_xvxwv_nodl,0.60,0.55,0.10,0.0398,0.0000,0.0958,0.1356,1.0000
nemo_gpu_run_ybhwz_dl,0.60,0.55,0.10,0.0140,0.0000,0.1940,0.2080,1.0000
nemo_gpu_run_ybhwz_nodl,0.60,0.55,0.10,0.0140,0.0000,0.1940,0.2080,1.0000
nemo_gpu_run_ygrip_dl,0.60,0.55,0.10,0.0366,0.0000,0.3162,0.3528,1.0000
nemo_gpu_run_ygrip_nodl,0.60,0.55,0.10,0.0366,0.0000,0.3162,0.3528,1.0000
nemo_gpu_run_ylgug_dl,0.60,0.55,0.10,0.0576,0.0025,0.4102,0.4703,1.0000
nemo_gpu_run_ylgug_nodl,0.60,0.55,0.10,0.0576,0.0025,0.4102,0.4703,1.0000
nemo_gpu_run_ylzez_dl,0.60,0.55,0.10,0.0514,0.0025,0.0002,0.0541,1.0000
nemo_gpu_run_ylzez_nodl,0.60,0.55,0.10,0.0514,0.0025,0.0002,0.0541,1.0000
nemo_gpu_run_ytmef_dl,0.60,0.55,0.10,0.0125,0.0091,0.0000,0.0216,1.0000
nemo_gpu_run_ytmef_nodl,0.60,0.55,0.10,0.0125,0.0091,0.0000,0.0216,1.0000
nemo_gpu_run_ytula_dl,0.60,0.55,0.10,0.1666,0.0027,0.0095,0.1789,1.0000
nemo_gpu_run_ytula_nodl,0.60,0.55,0.10,0.1666,0.0027,0.0095,0.1789,1.0000
nemo_gpu_run_yukhy_dl,0.60,0.55,0.10,0.0062,0.0034,0.0017,0.0113,1.0000
nemo_gpu_run_yukhy_nodl,0.60,0.55,0.10,0.0062,0.0034,0.0017,0.0113,1.0000
nemo_gpu_run_yzvon_dl,0.60,0.55,0.10,0.1353,0.0008,0.2036,0.3397,1.0000
nemo_gpu_run_yzvon_nodl,0.60,0.55,0.10,0.1359,0.0025,0.1856,0.3241,1.0000
nemo_gpu_run_zedtj_dl,0.60,0.55,0.10,0.0533,0.0045,0.0083,0.0661,1.0000
nemo_gpu_run_zedtj_nodl,0.60,0.55,0.10,0.0635,0.0025,0.0092,0.0752,1.0000
nemo_gpu_run_zehzu_dl,0.60,0.55,0.10,0.0180,0.0000,0.0021,0.0201,1.0000
nemo_gpu_run_zehzu_nodl,0.60,0.55,0.10,0.0180,0.0000,0.0021,0.0201,1.0000
nemo_gpu_run_zfzlc_dl,0.60,0.55,0.10,0.0240,0.0086,0.0017,0.0343,1.0000
nemo_gpu_run_zfzlc_nodl,0.60,0.55,0.10,0.0240,0.0100,0.0021,0.0361,1.0000
nemo_gpu_run_zowse_dl,0.60,0.55,0.10,0.0821,0.0097,0.0346,0.1264,1.0000
nemo_gpu_run_zqidv_dl,0.60,0.55,0.10,0.3488,0.0051,0.0408,0.3947,1.0000
nemo_gpu_run_zqidv_nodl,0.60,0.55,0.10,0.3488,0.0051,0.0408,0.3947,1.0000
nemo_gpu_run_zsgto_dl,0.60,0.55,0.10,0.0417,0.0033,0.1667,0.2117,1.0000
nemo_gpu_run_zsgto_nodl,0.60,0.55,0.10,0.0525,0.0018,0.0423,0.0966,1.0000
nemo_gpu_run_zzsba_dl,0.60,0.55,0.10,0.0474,0.0087,0.3784,0.4346,1.0000
nemo_gpu_run_zzsba_nodl,0.60,0.55,0.10,0.0474,0.0087,0.3784,0.4346,1.0000
nemo_gpu_run_zztbo_dl,0.60,0.55,0.10,0.3524,0.0119,0.0000,0.3643,1.0000
nemo_gpu_run_zztbo_nodl,0.60,0.55,0.10,0.3524,0.0119,0.0000,0.3643,1.0000
nemo_gpu_run_zzyyo_dl,0.60,0.55,0.10,0.0345,0.0061,0.2086,0.2491,1.0000
nemo_gpu_run_zzyyo_nodl,0.60,0.55,0.10,0.0339,0.0042,0.1131,0.1511,1.0000
nemo_gpu_run_ui_2_8907b9,0.60,0.55,0.10,0.0007,0.0064,0.0442,0.0514,1.0000
nemo_gpu_run_ui_2_99f486,0.60,0.55,0.10,0.0007,0.0079,0.0438,0.0523,1.0000
nemo_gpu_run_ui_fzwtp_40adb4,0.60,0.55,0.10,0.2243,0.0064,0.0767,0.3074,1.0000
