file_name,audio_path,audio_exists,duration_sec,gt_rttm_path,gt_exists,gt_segments,gt_unique_speakers,gt_total_speech_sec,pred_rttm_path,pred_exists,pred_segments,pred_unique_speakers,pred_total_speech_sec
2,classbank_audio_data\audio\2.wav,True,719.72576,classbank_audio_data\rttm\2.rttm,True,178,2,719.253,diarization_output\pred_rttms\2.rttm,True,195,2,2007.24
aids,classbank_audio_data\audio\aids.wav,False,,,False,0,0,0.0,,False,0,0,0.0
19,classbank_audio_data\audio\19.wav,False,,,False,0,0,0.0,,False,0,0,0.0
3004lv03,classbank_audio_data\audio\3004lv03.wav,False,,,False,0,0,0.0,,False,0,0,0.0
6008us305,classbank_audio_data\audio\6008us305.wav,False,,,False,0,0,0.0,,False,0,0,0.0
6013us104,classbank_audio_data\audio\6013us104.wav,False,,,False,0,0,0.0,,False,0,0,0.0
6024us404,classbank_audio_data\audio\6024us404.wav,False,,,False,0,0,0.0,,False,0,0,0.0
1002lv02,classbank_audio_data\audio\1002lv02.wav,False,,,False,0,0,0.0,,False,0,0,0.0
1003lv02,classbank_audio_data\audio\1003lv02.wav,False,,,False,0,0,0.0,,False,0,0,0.0
dec08i,classbank_audio_data\audio\dec08i.wav,False,,,False,0,0,0.0,,False,0,0,0.0
dec08h,classbank_audio_data\audio\dec08h.wav,False,,,False,0,0,0.0,,False,0,0,0.0
nov23k,classbank_audio_data\audio\nov23k.wav,False,,,False,0,0,0.0,,False,0,0,0.0
nov23f,classbank_audio_data\audio\nov23f.wav,False,,,False,0,0,0.0,,False,0,0,0.0
nov29a,classbank_audio_data\audio\nov29a.wav,False,,,False,0,0,0.0,,False,0,0,0.0
nov29e,classbank_audio_data\audio\nov29e.wav,False,,,False,0,0,0.0,,False,0,0,0.0
dec01f,classbank_audio_data\audio\dec01f.wav,False,,,False,0,0,0.0,,False,0,0,0.0
area1,classbank_audio_data\audio\area1.wav,False,,,False,0,0,0.0,,False,0,0,0.0
area3,classbank_audio_data\audio\area3.wav,False,,,False,0,0,0.0,,False,0,0,0.0
dec15a,classbank_audio_data\audio\dec15a.wav,False,,,False,0,0,0.0,,False,0,0,0.0
dec06e,classbank_audio_data\audio\dec06e.wav,False,,,False,0,0,0.0,,False,0,0,0.0
nov28f,classbank_audio_data\audio\nov28f.wav,False,,,False,0,0,0.0,,False,0,0,0.0
nov28r,classbank_audio_data\audio\nov28r.wav,False,,,False,0,0,0.0,,False,0,0,0.0
dec14a,classbank_audio_data\audio\dec14a.wav,False,,,False,0,0,0.0,,False,0,0,0.0
dec14i,classbank_audio_data\audio\dec14i.wav,False,,,False,0,0,0.0,,False,0,0,0.0
dec13c,classbank_audio_data\audio\dec13c.wav,False,,,False,0,0,0.0,,False,0,0,0.0
dec13j,classbank_audio_data\audio\dec13j.wav,False,,,False,0,0,0.0,,False,0,0,0.0
dec13e,classbank_audio_data\audio\dec13e.wav,False,,,False,0,0,0.0,,False,0,0,0.0
dec13f,classbank_audio_data\audio\dec13f.wav,False,,,False,0,0,0.0,,False,0,0,0.0
dec21e,classbank_audio_data\audio\dec21e.wav,False,,,False,0,0,0.0,,False,0,0,0.0
06-JohnBrown,classbank_audio_data\audio\06-JohnBrown.wav,False,,,False,0,0,0.0,,False,0,0,0.0
10-Revolutions,classbank_audio_data\audio\10-Revolutions.wav,False,,,False,0,0,0.0,,False,0,0,0.0
11-PolynomialsA,classbank_audio_data\audio\11-PolynomialsA.wav,False,,,False,0,0,0.0,,False,0,0,0.0
08-Payment,classbank_audio_data\audio\08-Payment.wav,False,,,False,0,0,0.0,,False,0,0,0.0
demucs_output_16k_mono,classbank_audio_data/audio/2.wav,True,719.72581,classbank_audio_data/rttm/2.rttm,True,178,2,719.25,diarization_output/pred_rttms/2.rttm,True,120,2,714.64
original_2,classbank_audio_data/audio/2.wav,True,719.72581,classbank_audio_data/rttm/2.rttm,True,178,2,719.25,diarization_output/pred_rttms/2.rttm,True,59,2,718.13
original_2wav,classbank_audio_data/audio/2.wav,True,719.72575,classbank_audio_data/rttm/2.rttm,True,178,2,719.25,diarization_output/pred_rttms/2.rttm,True,57,2,716.06
demucs_output_16k_mono_tuned,classbank_audio_data/audio/2.wav,True,719.72581,classbank_audio_data/rttm/2.rttm,True,178,2,719.25,diarization_output/pred_rttms/2.rttm,True,121,2,694.96
audiocleaner_20250930,classbank_audio_data/audio/2.wav,True,719.72575,classbank_audio_data/rttm/2.rttm,True,178,2,719.25,diarization_output/pred_rttms/2.rttm,True,74,2,668.79
audiocleaner_whisper_merge,classbank_audio_data/audio/2.wav,True,719.72575,classbank_audio_data/rttm/2.rttm,True,178,2,719.25,diarization_output/pred_rttms/2.rttm,True,68,2,661.97
aepyx_dl,classbank_audio_data/audio/2.wav,True,169.15200,classbank_audio_data/rttm/2.rttm,True,178,2,719.25,diarization_output/pred_rttms/2.rttm,True,13,2,166.53
aepyx_dl,classbank_audio_data/audio/2.wav,True,169.15200,classbank_audio_data/rttm/2.rttm,True,178,2,719.25,diarization_output/pred_rttms/2.rttm,True,13,2,166.53
aepyx_dl,classbank_audio_data/audio/2.wav,True,169.15200,classbank_audio_data/rttm/2.rttm,True,178,2,719.25,diarization_output/pred_rttms/2.rttm,True,13,2,166.53
aggyz_dl,classbank_audio_data/audio/2.wav,True,262.59200,classbank_audio_data/rttm/2.rttm,True,178,2,719.25,diarization_output/pred_rttms/2.rttm,True,34,2,262.21
aiqwk_dl,classbank_audio_data/audio/2.wav,True,198.84800,classbank_audio_data/rttm/2.rttm,True,178,2,719.25,diarization_output/pred_rttms/2.rttm,True,13,2,194.73
aorju_dl,classbank_audio_data/audio/2.wav,True,1200.06400,classbank_audio_data/rttm/2.rttm,True,178,2,719.25,diarization_output/pred_rttms/2.rttm,True,84,2,1166.93
aepyx_dl,classbank_audio_data/audio_tmp/aepyx_dl.wav,True,169.15200,classbank_audio_data/rttm/aepyx.rttm,True,30,4,148.29,diarization_output/pred_rttms/aepyx_dl.rttm,True,18,4,166.53
aggyz_dl,classbank_audio_data/audio_tmp/aggyz_dl.wav,True,262.59200,classbank_audio_data/rttm/aggyz.rttm,True,33,13,249.56,diarization_output/pred_rttms/aggyz_dl.rttm,True,43,13,262.21
aiqwk_dl,classbank_audio_data/audio_tmp/aiqwk_dl.wav,True,198.84800,classbank_audio_data/rttm/aiqwk.rttm,True,38,7,177.74,diarization_output/pred_rttms/aiqwk_dl.rttm,True,23,7,194.81
aorju_dl,classbank_audio_data/audio_tmp/aorju_dl.wav,True,1200.06400,classbank_audio_data/rttm/aorju.rttm,True,83,12,1071.67,diarization_output/pred_rttms/aorju_dl.rttm,True,213,12,1159.83
auzru_dl,classbank_audio_data/audio_tmp/auzru_dl.wav,True,515.90400,classbank_audio_data/rttm/auzru.rttm,True,30,8,508.77,diarization_output/pred_rttms/auzru_dl.rttm,True,20,8,515.90
aepyx_dl_fix,classbank_audio_data/audio_tmp/aepyx_dl_fix.wav,True,169.15200,classbank_audio_data/rttm/aepyx.rttm,True,30,4,148.29,diarization_output/pred_rttms/aepyx_dl_fix.rttm,True,18,4,166.53
aggyz_dl_fix,classbank_audio_data/audio_tmp/aggyz_dl_fix.wav,True,262.59200,classbank_audio_data/rttm/aggyz.rttm,True,33,13,249.56,diarization_output/pred_rttms/aggyz_dl_fix.rttm,True,43,13,262.21
aiqwk_dl_fix,classbank_audio_data/audio_tmp/aiqwk_dl_fix.wav,True,198.84800,classbank_audio_data/rttm/aiqwk.rttm,True,38,7,177.74,diarization_output/pred_rttms/aiqwk_dl_fix.rttm,True,31,7,194.73
aorju_dl_fix,classbank_audio_data/audio_tmp/aorju_dl_fix.wav,True,1200.06400,classbank_audio_data/rttm/aorju.rttm,True,83,12,1071.67,diarization_output/pred_rttms/aorju_dl_fix.rttm,True,232,12,1177.51
auzru_dl_fix,classbank_audio_data/audio_tmp/auzru_dl_fix.wav,True,515.90400,classbank_audio_data/rttm/auzru.rttm,True,30,8,508.77,diarization_output/pred_rttms/auzru_dl_fix.rttm,True,20,8,515.90
eauve_dl,classbank_audio_data/audio_tmp/eauve_dl.wav,True,1147.45600,classbank_audio_data/rttm/eauve.rttm,True,242,7,1258.51,diarization_output/pred_rttms/eauve_dl.rttm,True,324,7,1139.40
eauve_nodl,classbank_audio_data/audio_tmp/eauve_nodl.wav,True,1147.45600,classbank_audio_data/rttm/eauve.rttm,True,242,7,1258.51,diarization_output/pred_rttms/eauve_nodl.rttm,True,398,7,1138.41
dlast_dl,classbank_audio_data/audio_tmp/dlast_dl.wav,True,1200.06400,classbank_audio_data/rttm/dlast.rttm,True,61,9,1128.67,diarization_output/pred_rttms/dlast_dl.rttm,True,82,9,1189.12
dlast_nodl,classbank_audio_data/audio_tmp/dlast_nodl.wav,True,1200.06400,classbank_audio_data/rttm/dlast.rttm,True,61,9,1128.67,diarization_output/pred_rttms/dlast_nodl.rttm,True,82,9,1189.12
epygx_dl,classbank_audio_data/audio_tmp/epygx_dl.wav,True,1200.06400,classbank_audio_data/rttm/epygx.rttm,True,201,8,1037.01,diarization_output/pred_rttms/epygx_dl.rttm,True,87,8,1146.99
epygx_nodl,classbank_audio_data/audio_tmp/epygx_nodl.wav,True,1200.06400,classbank_audio_data/rttm/epygx.rttm,True,201,8,1037.01,diarization_output/pred_rttms/epygx_nodl.rttm,True,83,8,1140.92
2_dl,classbank_audio_data/audio_tmp/2_dl.wav,True,719.72575,classbank_audio_data/rttm/2.rttm,True,178,2,719.25,diarization_output/pred_rttms/2_dl.rttm,True,56,2,716.06
2_nodl,classbank_audio_data/audio_tmp/2_nodl.wav,True,719.72575,classbank_audio_data/rttm/2.rttm,True,178,2,719.25,diarization_output/pred_rttms/2_nodl.rttm,True,61,2,712.24
aepyx_dl,classbank_audio_data/audio_tmp/aepyx_dl.wav,True,169.15200,classbank_audio_data/rttm/aepyx.rttm,True,30,4,148.29,diarization_output/pred_rttms/aepyx_dl.rttm,True,18,4,166.53
aepyx_nodl,classbank_audio_data/audio_tmp/aepyx_nodl.wav,True,169.15200,classbank_audio_data/rttm/aepyx.rttm,True,30,4,148.29,diarization_output/pred_rttms/aepyx_nodl.rttm,True,18,4,166.53
aggyz_dl,classbank_audio_data/audio_tmp/aggyz_dl.wav,True,262.59200,classbank_audio_data/rttm/aggyz.rttm,True,33,13,249.56,diarization_output/pred_rttms/aggyz_dl.rttm,True,43,13,262.21
aggyz_nodl,classbank_audio_data/audio_tmp/aggyz_nodl.wav,True,262.59200,classbank_audio_data/rttm/aggyz.rttm,True,33,13,249.56,diarization_output/pred_rttms/aggyz_nodl.rttm,True,43,13,262.21
aiqwk_dl,classbank_audio_data/audio_tmp/aiqwk_dl.wav,True,198.84800,classbank_audio_data/rttm/aiqwk.rttm,True,38,7,177.74,diarization_output/pred_rttms/aiqwk_dl.rttm,True,23,7,194.81
aiqwk_nodl,classbank_audio_data/audio_tmp/aiqwk_nodl.wav,True,198.84800,classbank_audio_data/rttm/aiqwk.rttm,True,38,7,177.74,diarization_output/pred_rttms/aiqwk_nodl.rttm,True,31,7,194.73
aorju_dl,classbank_audio_data/audio_tmp/aorju_dl.wav,True,1200.06400,classbank_audio_data/rttm/aorju.rttm,True,83,12,1071.67,diarization_output/pred_rttms/aorju_dl.rttm,True,205,12,1144.66
aorju_nodl,classbank_audio_data/audio_tmp/aorju_nodl.wav,True,1200.06400,classbank_audio_data/rttm/aorju.rttm,True,83,12,1071.67,diarization_output/pred_rttms/aorju_nodl.rttm,True,213,12,1167.88
auzru_dl,classbank_audio_data/audio_tmp/auzru_dl.wav,True,515.90400,classbank_audio_data/rttm/auzru.rttm,True,30,8,508.77,diarization_output/pred_rttms/auzru_dl.rttm,True,20,8,515.90
auzru_nodl,classbank_audio_data/audio_tmp/auzru_nodl.wav,True,515.90400,classbank_audio_data/rttm/auzru.rttm,True,30,8,508.77,diarization_output/pred_rttms/auzru_nodl.rttm,True,20,8,515.90
bgvvt_dl,classbank_audio_data/audio_tmp/bgvvt_dl.wav,True,1200.06400,classbank_audio_data/rttm/bgvvt.rttm,True,175,2,1004.39,diarization_output/pred_rttms/bgvvt_dl.rttm,True,72,2,1166.82
bgvvt_nodl,classbank_audio_data/audio_tmp/bgvvt_nodl.wav,True,1200.06400,classbank_audio_data/rttm/bgvvt.rttm,True,175,2,1004.39,diarization_output/pred_rttms/bgvvt_nodl.rttm,True,70,2,1168.39
bidnq_dl,classbank_audio_data/audio_tmp/bidnq_dl.wav,True,1029.88800,classbank_audio_data/rttm/bidnq.rttm,True,239,11,1135.54,diarization_output/pred_rttms/bidnq_dl.rttm,True,375,11,1019.11
bjruf_nodl,classbank_audio_data/audio_tmp/bjruf_nodl.wav,True,360.51200,classbank_audio_data/rttm/bjruf.rttm,True,99,2,372.33,diarization_output/pred_rttms/bjruf_nodl.rttm,True,49,2,359.16
bmsyn_dl,classbank_audio_data/audio_tmp/bmsyn_dl.wav,True,710.91200,classbank_audio_data/rttm/bmsyn.rttm,True,313,5,602.19,diarization_output/pred_rttms/bmsyn_dl.rttm,True,146,5,692.19
bmsyn_nodl,classbank_audio_data/audio_tmp/bmsyn_nodl.wav,True,710.91200,classbank_audio_data/rttm/bmsyn.rttm,True,313,5,602.19,diarization_output/pred_rttms/bmsyn_nodl.rttm,True,146,5,692.19
bpzsc_dl,classbank_audio_data/audio_tmp/bpzsc_dl.wav,True,1052.99200,classbank_audio_data/rttm/bpzsc.rttm,True,139,7,1039.34,diarization_output/pred_rttms/bpzsc_dl.rttm,True,390,7,1047.39
bpzsc_nodl,classbank_audio_data/audio_tmp/bpzsc_nodl.wav,True,1052.99200,classbank_audio_data/rttm/bpzsc.rttm,True,139,7,1039.34,diarization_output/pred_rttms/bpzsc_nodl.rttm,True,383,7,1044.68
bvqnu_dl,classbank_audio_data/audio_tmp/bvqnu_dl.wav,True,572.73600,classbank_audio_data/rttm/bvqnu.rttm,True,85,9,554.52,diarization_output/pred_rttms/bvqnu_dl.rttm,True,83,9,571.18
bvqnu_nodl,classbank_audio_data/audio_tmp/bvqnu_nodl.wav,True,572.73600,classbank_audio_data/rttm/bvqnu.rttm,True,85,9,554.52,diarization_output/pred_rttms/bvqnu_nodl.rttm,True,83,9,571.18
bvyvm_dl,classbank_audio_data/audio_tmp/bvyvm_dl.wav,True,117.24800,classbank_audio_data/rttm/bvyvm.rttm,True,16,3,105.16,diarization_output/pred_rttms/bvyvm_dl.rttm,True,4,3,116.80
bvyvm_nodl,classbank_audio_data/audio_tmp/bvyvm_nodl.wav,True,117.24800,classbank_audio_data/rttm/bvyvm.rttm,True,16,3,105.16,diarization_output/pred_rttms/bvyvm_nodl.rttm,True,4,3,116.80
bxcfq_dl,classbank_audio_data/audio_tmp/bxcfq_dl.wav,True,196.48000,classbank_audio_data/rttm/bxcfq.rttm,True,14,2,201.38,diarization_output/pred_rttms/bxcfq_dl.rttm,True,6,2,196.48
bxcfq_nodl,classbank_audio_data/audio_tmp/bxcfq_nodl.wav,True,196.48000,classbank_audio_data/rttm/bxcfq.rttm,True,14,2,201.38,diarization_output/pred_rttms/bxcfq_nodl.rttm,True,6,2,196.48
byapz_dl,classbank_audio_data/audio_tmp/byapz_dl.wav,True,470.01600,classbank_audio_data/rttm/byapz.rttm,True,57,15,417.79,diarization_output/pred_rttms/byapz_dl.rttm,True,145,15,462.34
byapz_nodl,classbank_audio_data/audio_tmp/byapz_nodl.wav,True,470.01600,classbank_audio_data/rttm/byapz.rttm,True,57,15,417.79,diarization_output/pred_rttms/byapz_nodl.rttm,True,145,15,462.34
cadba_dl,classbank_audio_data/audio_tmp/cadba_dl.wav,True,184.25600,classbank_audio_data/rttm/cadba.rttm,True,28,7,178.84,diarization_output/pred_rttms/cadba_dl.rttm,True,28,7,181.15
cadba_nodl,classbank_audio_data/audio_tmp/cadba_nodl.wav,True,184.25600,classbank_audio_data/rttm/cadba.rttm,True,28,7,178.84,diarization_output/pred_rttms/cadba_nodl.rttm,True,28,7,181.15
cawnd_dl,classbank_audio_data/audio_tmp/cawnd_dl.wav,True,1200.06400,classbank_audio_data/rttm/cawnd.rttm,True,77,9,1144.24,diarization_output/pred_rttms/cawnd_dl.rttm,True,165,9,1172.92
cawnd_nodl,classbank_audio_data/audio_tmp/cawnd_nodl.wav,True,1200.06400,classbank_audio_data/rttm/cawnd.rttm,True,77,9,1144.24,diarization_output/pred_rttms/cawnd_nodl.rttm,True,174,9,1179.98
clfcg_dl,classbank_audio_data/audio_tmp/clfcg_dl.wav,True,318.72000,classbank_audio_data/rttm/clfcg.rttm,True,67,9,274.25,diarization_output/pred_rttms/clfcg_dl.rttm,True,36,9,310.38
clfcg_nodl,classbank_audio_data/audio_tmp/clfcg_nodl.wav,True,318.72000,classbank_audio_data/rttm/clfcg.rttm,True,67,9,274.25,diarization_output/pred_rttms/clfcg_nodl.rttm,True,36,9,310.38
cpebh_dl,classbank_audio_data/audio_tmp/cpebh_dl.wav,True,671.04000,classbank_audio_data/rttm/cpebh.rttm,True,11,1,647.66,diarization_output/pred_rttms/cpebh_dl.rttm,True,1,1,670.90
cpebh_nodl,classbank_audio_data/audio_tmp/cpebh_nodl.wav,True,671.04000,classbank_audio_data/rttm/cpebh.rttm,True,11,1,647.66,diarization_output/pred_rttms/cpebh_nodl.rttm,True,1,1,670.90
cqfmj_dl,classbank_audio_data/audio_tmp/cqfmj_dl.wav,True,114.94400,classbank_audio_data/rttm/cqfmj.rttm,True,18,4,108.64,diarization_output/pred_rttms/cqfmj_dl.rttm,True,16,4,114.94
cqfmj_nodl,classbank_audio_data/audio_tmp/cqfmj_nodl.wav,True,114.94400,classbank_audio_data/rttm/cqfmj.rttm,True,18,4,108.64,diarization_output/pred_rttms/cqfmj_nodl.rttm,True,16,4,114.94
crorm_dl,classbank_audio_data/audio_tmp/crorm_dl.wav,True,911.16800,classbank_audio_data/rttm/crorm.rttm,True,51,2,871.94,diarization_output/pred_rttms/crorm_dl.rttm,True,40,2,886.34
crorm_nodl,classbank_audio_data/audio_tmp/crorm_nodl.wav,True,911.16800,classbank_audio_data/rttm/crorm.rttm,True,51,2,871.94,diarization_output/pred_rttms/crorm_nodl.rttm,True,40,2,886.34
crylr_dl,classbank_audio_data/audio_tmp/crylr_dl.wav,True,187.90400,classbank_audio_data/rttm/crylr.rttm,True,34,4,155.86,diarization_output/pred_rttms/crylr_dl.rttm,True,17,4,181.93
crylr_nodl,classbank_audio_data/audio_tmp/crylr_nodl.wav,True,187.90400,classbank_audio_data/rttm/crylr.rttm,True,34,4,155.86,diarization_output/pred_rttms/crylr_nodl.rttm,True,17,4,181.93
cvofp_dl,classbank_audio_data/audio_tmp/cvofp_dl.wav,True,1200.06400,classbank_audio_data/rttm/cvofp.rttm,True,94,6,1096.36,diarization_output/pred_rttms/cvofp_dl.rttm,True,78,6,1183.92
cvofp_nodl,classbank_audio_data/audio_tmp/cvofp_nodl.wav,True,1200.06400,classbank_audio_data/rttm/cvofp.rttm,True,94,6,1096.36,diarization_output/pred_rttms/cvofp_nodl.rttm,True,78,6,1183.92
cwbvu_dl,classbank_audio_data/audio_tmp/cwbvu_dl.wav,True,127.93600,classbank_audio_data/rttm/cwbvu.rttm,True,27,10,144.13,diarization_output/pred_rttms/cwbvu_dl.rttm,True,30,10,120.83
cwbvu_nodl,classbank_audio_data/audio_tmp/cwbvu_nodl.wav,True,127.93600,classbank_audio_data/rttm/cwbvu.rttm,True,27,10,144.13,diarization_output/pred_rttms/cwbvu_nodl.rttm,True,30,10,120.83
dgvwu_dl,classbank_audio_data/audio_tmp/dgvwu_dl.wav,True,780.99200,classbank_audio_data/rttm/dgvwu.rttm,True,115,11,775.34,diarization_output/pred_rttms/dgvwu_dl.rttm,True,137,11,773.92
dgvwu_nodl,classbank_audio_data/audio_tmp/dgvwu_nodl.wav,True,780.99200,classbank_audio_data/rttm/dgvwu.rttm,True,115,11,775.34,diarization_output/pred_rttms/dgvwu_nodl.rttm,True,137,11,773.92
diysk_dl,classbank_audio_data/audio_tmp/diysk_dl.wav,True,1178.88000,classbank_audio_data/rttm/diysk.rttm,True,458,15,1133.48,diarization_output/pred_rttms/diysk_dl.rttm,True,374,15,1162.68
diysk_nodl,classbank_audio_data/audio_tmp/diysk_nodl.wav,True,1178.88000,classbank_audio_data/rttm/diysk.rttm,True,458,15,1133.48,diarization_output/pred_rttms/diysk_nodl.rttm,True,370,15,1166.30
dkabn_dl,classbank_audio_data/audio_tmp/dkabn_dl.wav,True,1200.06400,classbank_audio_data/rttm/dkabn.rttm,True,150,7,1087.22,diarization_output/pred_rttms/dkabn_dl.rttm,True,95,7,1184.45
dkabn_nodl,classbank_audio_data/audio_tmp/dkabn_nodl.wav,True,1200.06400,classbank_audio_data/rttm/dkabn.rttm,True,150,7,1087.22,diarization_output/pred_rttms/dkabn_nodl.rttm,True,95,7,1184.45
dlast_dl,classbank_audio_data/audio_tmp/dlast_dl.wav,True,1200.06400,classbank_audio_data/rttm/dlast.rttm,True,61,9,1128.67,diarization_output/pred_rttms/dlast_dl.rttm,True,82,9,1189.12
dlast_nodl,classbank_audio_data/audio_tmp/dlast_nodl.wav,True,1200.06400,classbank_audio_data/rttm/dlast.rttm,True,61,9,1128.67,diarization_output/pred_rttms/dlast_nodl.rttm,True,82,9,1189.12
dohag_dl,classbank_audio_data/audio_tmp/dohag_dl.wav,True,43.90400,classbank_audio_data/rttm/dohag.rttm,True,3,1,39.62,diarization_output/pred_rttms/dohag_dl.rttm,True,2,1,40.77
dohag_nodl,classbank_audio_data/audio_tmp/dohag_nodl.wav,True,43.90400,classbank_audio_data/rttm/dohag.rttm,True,3,1,39.62,diarization_output/pred_rttms/dohag_nodl.rttm,True,1,1,41.76
duvox_dl,classbank_audio_data/audio_tmp/duvox_dl.wav,True,990.20800,classbank_audio_data/rttm/duvox.rttm,True,116,6,907.07,diarization_output/pred_rttms/duvox_dl.rttm,True,90,6,983.16
duvox_nodl,classbank_audio_data/audio_tmp/duvox_nodl.wav,True,990.20800,classbank_audio_data/rttm/duvox.rttm,True,116,6,907.07,diarization_output/pred_rttms/duvox_nodl.rttm,True,114,6,983.31
dxbbt_dl,classbank_audio_data/audio_tmp/dxbbt_dl.wav,True,676.35200,classbank_audio_data/rttm/dxbbt.rttm,True,65,3,661.02,diarization_output/pred_rttms/dxbbt_dl.rttm,True,30,3,670.08
dxbbt_nodl,classbank_audio_data/audio_tmp/dxbbt_nodl.wav,True,676.35200,classbank_audio_data/rttm/dxbbt.rttm,True,65,3,661.02,diarization_output/pred_rttms/dxbbt_nodl.rttm,True,30,3,670.08
dxokr_dl,classbank_audio_data/audio_tmp/dxokr_dl.wav,True,186.49600,classbank_audio_data/rttm/dxokr.rttm,True,13,4,176.48,diarization_output/pred_rttms/dxokr_dl.rttm,True,33,4,183.59
dxokr_nodl,classbank_audio_data/audio_tmp/dxokr_nodl.wav,True,186.49600,classbank_audio_data/rttm/dxokr.rttm,True,13,4,176.48,diarization_output/pred_rttms/dxokr_nodl.rttm,True,33,4,183.59
dzsef_dl,classbank_audio_data/audio_tmp/dzsef_dl.wav,True,164.73600,classbank_audio_data/rttm/dzsef.rttm,True,3,3,161.68,diarization_output/pred_rttms/dzsef_dl.rttm,True,3,3,164.11
dzsef_nodl,classbank_audio_data/audio_tmp/dzsef_nodl.wav,True,164.73600,classbank_audio_data/rttm/dzsef.rttm,True,3,3,161.68,diarization_output/pred_rttms/dzsef_nodl.rttm,True,3,3,164.11
dzxut_dl,classbank_audio_data/audio_tmp/dzxut_dl.wav,True,183.74400,classbank_audio_data/rttm/dzxut.rttm,True,28,8,161.50,diarization_output/pred_rttms/dzxut_dl.rttm,True,44,8,176.56
dzxut_nodl,classbank_audio_data/audio_tmp/dzxut_nodl.wav,True,183.74400,classbank_audio_data/rttm/dzxut.rttm,True,28,8,161.50,diarization_output/pred_rttms/dzxut_nodl.rttm,True,44,8,176.56
eauve_dl,classbank_audio_data/audio_tmp/eauve_dl.wav,True,1147.45600,classbank_audio_data/rttm/eauve.rttm,True,242,7,1258.51,diarization_output/pred_rttms/eauve_dl.rttm,True,409,7,1137.00
eauve_nodl,classbank_audio_data/audio_tmp/eauve_nodl.wav,True,1147.45600,classbank_audio_data/rttm/eauve.rttm,True,242,7,1258.51,diarization_output/pred_rttms/eauve_nodl.rttm,True,422,7,1137.33
eazeq_dl,classbank_audio_data/audio_tmp/eazeq_dl.wav,True,98.62400,classbank_audio_data/rttm/eazeq.rttm,True,18,2,100.34,diarization_output/pred_rttms/eazeq_dl.rttm,True,7,2,97.74
eddje_dl,classbank_audio_data/audio_tmp/eddje_dl.wav,True,456.96000,classbank_audio_data/rttm/eddje.rttm,True,75,4,489.52,diarization_output/pred_rttms/eddje_dl.rttm,True,63,4,454.05
eddje_nodl,classbank_audio_data/audio_tmp/eddje_nodl.wav,True,456.96000,classbank_audio_data/rttm/eddje.rttm,True,75,4,489.52,diarization_output/pred_rttms/eddje_nodl.rttm,True,63,4,454.05
eguui_dl,classbank_audio_data/audio_tmp/eguui_dl.wav,True,108.80000,classbank_audio_data/rttm/eguui.rttm,True,15,3,125.49,diarization_output/pred_rttms/eguui_dl.rttm,True,12,3,108.74
eguui_nodl,classbank_audio_data/audio_tmp/eguui_nodl.wav,True,108.80000,classbank_audio_data/rttm/eguui.rttm,True,15,3,125.49,diarization_output/pred_rttms/eguui_nodl.rttm,True,12,3,108.74
eoyaz_dl,classbank_audio_data/audio_tmp/eoyaz_dl.wav,True,211.52000,classbank_audio_data/rttm/eoyaz.rttm,True,35,8,211.25,diarization_output/pred_rttms/eoyaz_dl.rttm,True,26,8,210.30
eoyaz_nodl,classbank_audio_data/audio_tmp/eoyaz_nodl.wav,True,211.52000,classbank_audio_data/rttm/eoyaz.rttm,True,35,8,211.25,diarization_output/pred_rttms/eoyaz_nodl.rttm,True,26,8,210.30
epygx_nodl,classbank_audio_data/audio_tmp/epygx_nodl.wav,True,1200.06400,classbank_audio_data/rttm/epygx.rttm,True,201,8,1037.01,diarization_output/pred_rttms/epygx_nodl.rttm,True,85,8,1157.72
eqsta_dl,classbank_audio_data/audio_tmp/eqsta_dl.wav,True,915.90400,classbank_audio_data/rttm/eqsta.rttm,True,280,15,954.10,diarization_output/pred_rttms/eqsta_dl.rttm,True,375,15,907.01
eqsta_nodl,classbank_audio_data/audio_tmp/eqsta_nodl.wav,True,915.90400,classbank_audio_data/rttm/eqsta.rttm,True,280,15,954.10,diarization_output/pred_rttms/eqsta_nodl.rttm,True,372,15,906.21
erslt_dl,classbank_audio_data/audio_tmp/erslt_dl.wav,True,128.57600,classbank_audio_data/rttm/erslt.rttm,True,32,7,114.21,diarization_output/pred_rttms/erslt_dl.rttm,True,16,7,123.97
erslt_nodl,classbank_audio_data/audio_tmp/erslt_nodl.wav,True,128.57600,classbank_audio_data/rttm/erslt.rttm,True,32,7,114.21,diarization_output/pred_rttms/erslt_nodl.rttm,True,16,7,123.97
eucfa_dl,classbank_audio_data/audio_tmp/eucfa_dl.wav,True,84.09600,classbank_audio_data/rttm/eucfa.rttm,True,18,4,79.02,diarization_output/pred_rttms/eucfa_dl.rttm,True,18,4,80.48
eucfa_nodl,classbank_audio_data/audio_tmp/eucfa_nodl.wav,True,84.09600,classbank_audio_data/rttm/eucfa.rttm,True,18,4,79.02,diarization_output/pred_rttms/eucfa_nodl.rttm,True,18,4,80.48
euqef_dl,classbank_audio_data/audio_tmp/euqef_dl.wav,True,41.15200,classbank_audio_data/rttm/euqef.rttm,True,3,1,25.25,diarization_output/pred_rttms/euqef_dl.rttm,True,2,1,39.46
euqef_nodl,classbank_audio_data/audio_tmp/euqef_nodl.wav,True,41.15200,classbank_audio_data/rttm/euqef.rttm,True,3,1,25.25,diarization_output/pred_rttms/euqef_nodl.rttm,True,2,1,39.46
ezxso_dl,classbank_audio_data/audio_tmp/ezxso_dl.wav,True,278.33600,classbank_audio_data/rttm/ezxso.rttm,True,29,10,257.95,diarization_output/pred_rttms/ezxso_dl.rttm,True,30,10,271.89
ezxso_nodl,classbank_audio_data/audio_tmp/ezxso_nodl.wav,True,278.33600,classbank_audio_data/rttm/ezxso.rttm,True,29,10,257.95,diarization_output/pred_rttms/ezxso_nodl.rttm,True,30,10,271.89
fijfi_dl,classbank_audio_data/audio_tmp/fijfi_dl.wav,True,921.92000,classbank_audio_data/rttm/fijfi.rttm,True,137,6,826.55,diarization_output/pred_rttms/fijfi_dl.rttm,True,68,6,916.42
fijfi_nodl,classbank_audio_data/audio_tmp/fijfi_nodl.wav,True,921.92000,classbank_audio_data/rttm/fijfi.rttm,True,137,6,826.55,diarization_output/pred_rttms/fijfi_nodl.rttm,True,68,6,916.44
fowhl_dl,classbank_audio_data/audio_tmp/fowhl_dl.wav,True,868.16000,classbank_audio_data/rttm/fowhl.rttm,True,138,6,822.80,diarization_output/pred_rttms/fowhl_dl.rttm,True,90,6,852.13
fowhl_nodl,classbank_audio_data/audio_tmp/fowhl_nodl.wav,True,868.16000,classbank_audio_data/rttm/fowhl.rttm,True,138,6,822.80,diarization_output/pred_rttms/fowhl_nodl.rttm,True,83,6,852.41
fpfvy_dl,classbank_audio_data/audio_tmp/fpfvy_dl.wav,True,121.92000,classbank_audio_data/rttm/fpfvy.rttm,True,26,11,115.63,diarization_output/pred_rttms/fpfvy_dl.rttm,True,40,11,120.49
fpfvy_nodl,classbank_audio_data/audio_tmp/fpfvy_nodl.wav,True,121.92000,classbank_audio_data/rttm/fpfvy.rttm,True,26,11,115.63,diarization_output/pred_rttms/fpfvy_nodl.rttm,True,40,11,120.49
fqrnu_dl,classbank_audio_data/audio_tmp/fqrnu_dl.wav,True,171.39200,classbank_audio_data/rttm/fqrnu.rttm,True,24,4,171.41,diarization_output/pred_rttms/fqrnu_dl.rttm,True,23,4,169.67
fqrnu_nodl,classbank_audio_data/audio_tmp/fqrnu_nodl.wav,True,171.39200,classbank_audio_data/rttm/fqrnu.rttm,True,24,4,171.41,diarization_output/pred_rttms/fqrnu_nodl.rttm,True,23,4,169.67
fuzfh_dl,classbank_audio_data/audio_tmp/fuzfh_dl.wav,True,26.04800,classbank_audio_data/rttm/fuzfh.rttm,True,5,3,25.49,diarization_output/pred_rttms/fuzfh_dl.rttm,True,4,3,25.93
fuzfh_nodl,classbank_audio_data/audio_tmp/fuzfh_nodl.wav,True,26.04800,classbank_audio_data/rttm/fuzfh.rttm,True,5,3,25.49,diarization_output/pred_rttms/fuzfh_nodl.rttm,True,4,3,25.93
fvhrk_dl,classbank_audio_data/audio_tmp/fvhrk_dl.wav,True,1200.06400,classbank_audio_data/rttm/fvhrk.rttm,True,94,4,1125.74,diarization_output/pred_rttms/fvhrk_dl.rttm,True,30,4,1186.39
fvhrk_nodl,classbank_audio_data/audio_tmp/fvhrk_nodl.wav,True,1200.06400,classbank_audio_data/rttm/fvhrk.rttm,True,94,4,1125.74,diarization_output/pred_rttms/fvhrk_nodl.rttm,True,22,4,1188.68
fxnwf_dl,classbank_audio_data/audio_tmp/fxnwf_dl.wav,True,450.17600,classbank_audio_data/rttm/fxnwf.rttm,True,109,3,335.39,diarization_output/pred_rttms/fxnwf_dl.rttm,True,118,3,419.35
fxnwf_nodl,classbank_audio_data/audio_tmp/fxnwf_nodl.wav,True,450.17600,classbank_audio_data/rttm/fxnwf.rttm,True,109,3,335.39,diarization_output/pred_rttms/fxnwf_nodl.rttm,True,98,3,418.16
fyqoe_dl,classbank_audio_data/audio_tmp/fyqoe_dl.wav,True,311.10400,classbank_audio_data/rttm/fyqoe.rttm,True,104,3,356.85,diarization_output/pred_rttms/fyqoe_dl.rttm,True,57,3,294.90
fyqoe_nodl,classbank_audio_data/audio_tmp/fyqoe_nodl.wav,True,311.10400,classbank_audio_data/rttm/fyqoe.rttm,True,104,3,356.85,diarization_output/pred_rttms/fyqoe_nodl.rttm,True,57,3,294.90
fzwtp_dl,classbank_audio_data/audio_tmp/fzwtp_dl.wav,True,285.56800,classbank_audio_data/rttm/fzwtp.rttm,True,56,11,212.46,diarization_output/pred_rttms/fzwtp_dl.rttm,True,48,11,276.37
fzwtp_nodl,classbank_audio_data/audio_tmp/fzwtp_nodl.wav,True,285.56800,classbank_audio_data/rttm/fzwtp.rttm,True,56,11,212.46,diarization_output/pred_rttms/fzwtp_nodl.rttm,True,48,11,276.37
gcfwp_dl,classbank_audio_data/audio_tmp/gcfwp_dl.wav,True,365.76000,classbank_audio_data/rttm/gcfwp.rttm,True,83,7,256.61,diarization_output/pred_rttms/gcfwp_dl.rttm,True,56,7,344.66
gcfwp_nodl,classbank_audio_data/audio_tmp/gcfwp_nodl.wav,True,365.76000,classbank_audio_data/rttm/gcfwp.rttm,True,83,7,256.61,diarization_output/pred_rttms/gcfwp_nodl.rttm,True,56,7,344.66
gcvrb_dl,classbank_audio_data/audio_tmp/gcvrb_dl.wav,True,1200.06400,classbank_audio_data/rttm/gcvrb.rttm,True,171,2,1110.59,diarization_output/pred_rttms/gcvrb_dl.rttm,True,76,2,1185.11
gcvrb_nodl,classbank_audio_data/audio_tmp/gcvrb_nodl.wav,True,1200.06400,classbank_audio_data/rttm/gcvrb.rttm,True,171,2,1110.59,diarization_output/pred_rttms/gcvrb_nodl.rttm,True,74,2,1181.85
gfneh_dl,classbank_audio_data/audio_tmp/gfneh_dl.wav,True,161.21600,classbank_audio_data/rttm/gfneh.rttm,True,22,7,158.76,diarization_output/pred_rttms/gfneh_dl.rttm,True,17,7,160.87
gfneh_nodl,classbank_audio_data/audio_tmp/gfneh_nodl.wav,True,161.21600,classbank_audio_data/rttm/gfneh.rttm,True,22,7,158.76,diarization_output/pred_rttms/gfneh_nodl.rttm,True,17,7,160.87
gkiki_dl,classbank_audio_data/audio_tmp/gkiki_dl.wav,True,112.25600,classbank_audio_data/rttm/gkiki.rttm,True,9,6,109.18,diarization_output/pred_rttms/gkiki_dl.rttm,True,8,6,110.83
gkiki_nodl,classbank_audio_data/audio_tmp/gkiki_nodl.wav,True,112.25600,classbank_audio_data/rttm/gkiki.rttm,True,9,6,109.18,diarization_output/pred_rttms/gkiki_nodl.rttm,True,8,6,110.83
gmmwm_dl,classbank_audio_data/audio_tmp/gmmwm_dl.wav,True,310.59200,classbank_audio_data/rttm/gmmwm.rttm,True,40,2,277.06,diarization_output/pred_rttms/gmmwm_dl.rttm,True,17,2,295.31
gmmwm_nodl,classbank_audio_data/audio_tmp/gmmwm_nodl.wav,True,310.59200,classbank_audio_data/rttm/gmmwm.rttm,True,40,2,277.06,diarization_output/pred_rttms/gmmwm_nodl.rttm,True,17,2,295.31
gtjow_dl,classbank_audio_data/audio_tmp/gtjow_dl.wav,True,1200.06400,classbank_audio_data/rttm/gtjow.rttm,True,44,4,1144.30,diarization_output/pred_rttms/gtjow_dl.rttm,True,99,4,1131.68
gtjow_nodl,classbank_audio_data/audio_tmp/gtjow_nodl.wav,True,1200.06400,classbank_audio_data/rttm/gtjow.rttm,True,44,4,1144.30,diarization_output/pred_rttms/gtjow_nodl.rttm,True,99,4,1131.68
gtnjb_dl,classbank_audio_data/audio_tmp/gtnjb_dl.wav,True,1200.06400,classbank_audio_data/rttm/gtnjb.rttm,True,58,13,1200.78,diarization_output/pred_rttms/gtnjb_dl.rttm,True,249,13,1200.04
gtnjb_nodl,classbank_audio_data/audio_tmp/gtnjb_nodl.wav,True,1200.06400,classbank_audio_data/rttm/gtnjb.rttm,True,58,13,1200.78,diarization_output/pred_rttms/gtnjb_nodl.rttm,True,249,13,1200.04
gukoa_dl,classbank_audio_data/audio_tmp/gukoa_dl.wav,True,247.16800,classbank_audio_data/rttm/gukoa.rttm,True,25,10,240.34,diarization_output/pred_rttms/gukoa_dl.rttm,True,42,10,243.90
gukoa_nodl,classbank_audio_data/audio_tmp/gukoa_nodl.wav,True,247.16800,classbank_audio_data/rttm/gukoa.rttm,True,25,10,240.34,diarization_output/pred_rttms/gukoa_nodl.rttm,True,42,10,243.90
guvqf_dl,classbank_audio_data/audio_tmp/guvqf_dl.wav,True,1085.95200,classbank_audio_data/rttm/guvqf.rttm,True,352,11,927.64,diarization_output/pred_rttms/guvqf_dl.rttm,True,411,11,1064.27
guvqf_nodl,classbank_audio_data/audio_tmp/guvqf_nodl.wav,True,1085.95200,classbank_audio_data/rttm/guvqf.rttm,True,352,11,927.64,diarization_output/pred_rttms/guvqf_nodl.rttm,True,406,11,1073.11
gwloo_dl,classbank_audio_data/audio_tmp/gwloo_dl.wav,True,871.80800,classbank_audio_data/rttm/gwloo.rttm,True,92,1,767.47,diarization_output/pred_rttms/gwloo_dl.rttm,True,2,1,870.27
gwloo_nodl,classbank_audio_data/audio_tmp/gwloo_nodl.wav,True,871.80800,classbank_audio_data/rttm/gwloo.rttm,True,92,1,767.47,diarization_output/pred_rttms/gwloo_nodl.rttm,True,2,1,870.27
gylzn_dl,classbank_audio_data/audio_tmp/gylzn_dl.wav,True,363.64800,classbank_audio_data/rttm/gylzn.rttm,True,26,2,350.72,diarization_output/pred_rttms/gylzn_dl.rttm,True,11,2,361.65
gylzn_nodl,classbank_audio_data/audio_tmp/gylzn_nodl.wav,True,363.64800,classbank_audio_data/rttm/gylzn.rttm,True,26,2,350.72,diarization_output/pred_rttms/gylzn_nodl.rttm,True,11,2,361.65
gyomp_dl,classbank_audio_data/audio_tmp/gyomp_dl.wav,True,80.00000,classbank_audio_data/rttm/gyomp.rttm,True,8,5,56.85,diarization_output/pred_rttms/gyomp_dl.rttm,True,10,5,61.97
gyomp_nodl,classbank_audio_data/audio_tmp/gyomp_nodl.wav,True,80.00000,classbank_audio_data/rttm/gyomp.rttm,True,8,5,56.85,diarization_output/pred_rttms/gyomp_nodl.rttm,True,10,5,61.97
gzhwb_dl,classbank_audio_data/audio_tmp/gzhwb_dl.wav,True,983.23200,classbank_audio_data/rttm/gzhwb.rttm,True,151,6,864.60,diarization_output/pred_rttms/gzhwb_dl.rttm,True,160,6,967.10
hcyak_dl,classbank_audio_data/audio_tmp/hcyak_dl.wav,True,303.68000,classbank_audio_data/rttm/hcyak.rttm,True,32,8,301.65,diarization_output/pred_rttms/hcyak_dl.rttm,True,45,8,302.19
hcyak_nodl,classbank_audio_data/audio_tmp/hcyak_nodl.wav,True,303.68000,classbank_audio_data/rttm/hcyak.rttm,True,32,8,301.65,diarization_output/pred_rttms/hcyak_nodl.rttm,True,45,8,302.19
heolf_dl,classbank_audio_data/audio_tmp/heolf_dl.wav,True,1200.06400,classbank_audio_data/rttm/heolf.rttm,True,111,12,1110.04,diarization_output/pred_rttms/heolf_dl.rttm,True,145,12,1172.84
heolf_nodl,classbank_audio_data/audio_tmp/heolf_nodl.wav,True,1200.06400,classbank_audio_data/rttm/heolf.rttm,True,111,12,1110.04,diarization_output/pred_rttms/heolf_nodl.rttm,True,144,12,1156.89
hhepf_dl,classbank_audio_data/audio_tmp/hhepf_dl.wav,True,1200.06400,classbank_audio_data/rttm/hhepf.rttm,True,156,7,1112.77,diarization_output/pred_rttms/hhepf_dl.rttm,True,59,7,1196.92
hhepf_nodl,classbank_audio_data/audio_tmp/hhepf_nodl.wav,True,1200.06400,classbank_audio_data/rttm/hhepf.rttm,True,156,7,1112.77,diarization_output/pred_rttms/hhepf_nodl.rttm,True,59,7,1196.92
hqhrb_dl,classbank_audio_data/audio_tmp/hqhrb_dl.wav,True,1200.06400,classbank_audio_data/rttm/hqhrb.rttm,True,182,6,1077.24,diarization_output/pred_rttms/hqhrb_dl.rttm,True,88,6,1199.52
hqhrb_nodl,classbank_audio_data/audio_tmp/hqhrb_nodl.wav,True,1200.06400,classbank_audio_data/rttm/hqhrb.rttm,True,182,6,1077.24,diarization_output/pred_rttms/hqhrb_nodl.rttm,True,88,6,1199.52
iabca_dl,classbank_audio_data/audio_tmp/iabca_dl.wav,True,179.39200,classbank_audio_data/rttm/iabca.rttm,True,59,3,164.98,diarization_output/pred_rttms/iabca_dl.rttm,True,26,3,168.97
iabca_nodl,classbank_audio_data/audio_tmp/iabca_nodl.wav,True,179.39200,classbank_audio_data/rttm/iabca.rttm,True,59,3,164.98,diarization_output/pred_rttms/iabca_nodl.rttm,True,26,3,168.97
iacod_dl,classbank_audio_data/audio_tmp/iacod_dl.wav,True,1200.06400,classbank_audio_data/rttm/iacod.rttm,True,120,6,1002.21,diarization_output/pred_rttms/iacod_dl.rttm,True,144,6,1195.64
iacod_nodl,classbank_audio_data/audio_tmp/iacod_nodl.wav,True,1200.06400,classbank_audio_data/rttm/iacod.rttm,True,120,6,1002.21,diarization_output/pred_rttms/iacod_nodl.rttm,True,144,6,1195.64
ibrnm_dl,classbank_audio_data/audio_tmp/ibrnm_dl.wav,True,1200.06400,classbank_audio_data/rttm/ibrnm.rttm,True,85,12,1118.27,diarization_output/pred_rttms/ibrnm_dl.rttm,True,191,12,1180.51
ibrnm_nodl,classbank_audio_data/audio_tmp/ibrnm_nodl.wav,True,1200.06400,classbank_audio_data/rttm/ibrnm.rttm,True,85,12,1118.27,diarization_output/pred_rttms/ibrnm_nodl.rttm,True,179,12,1174.36
ifwki_nodl,classbank_audio_data/audio_tmp/ifwki_nodl.wav,True,386.75200,classbank_audio_data/rttm/ifwki.rttm,True,73,2,372.98,diarization_output/pred_rttms/ifwki_nodl.rttm,True,29,2,380.51
iiprr_dl,classbank_audio_data/audio_tmp/iiprr_dl.wav,True,1200.06400,classbank_audio_data/rttm/iiprr.rttm,True,163,7,1085.54,diarization_output/pred_rttms/iiprr_dl.rttm,True,103,7,1179.18
iiprr_nodl,classbank_audio_data/audio_tmp/iiprr_nodl.wav,True,1200.06400,classbank_audio_data/rttm/iiprr.rttm,True,163,7,1085.54,diarization_output/pred_rttms/iiprr_nodl.rttm,True,100,7,1180.38
ikhje_dl,classbank_audio_data/audio_tmp/ikhje_dl.wav,True,870.59200,classbank_audio_data/rttm/ikhje.rttm,True,110,9,868.30,diarization_output/pred_rttms/ikhje_dl.rttm,True,251,9,864.52
ikhje_nodl,classbank_audio_data/audio_tmp/ikhje_nodl.wav,True,870.59200,classbank_audio_data/rttm/ikhje.rttm,True,110,9,868.30,diarization_output/pred_rttms/ikhje_nodl.rttm,True,256,9,864.56
iowob_dl,classbank_audio_data/audio_tmp/iowob_dl.wav,True,1200.06400,classbank_audio_data/rttm/iowob.rttm,True,76,8,1126.44,diarization_output/pred_rttms/iowob_dl.rttm,True,125,8,1164.77
iowob_nodl,classbank_audio_data/audio_tmp/iowob_nodl.wav,True,1200.06400,classbank_audio_data/rttm/iowob.rttm,True,76,8,1126.44,diarization_output/pred_rttms/iowob_nodl.rttm,True,121,8,1164.32
isrps_dl,classbank_audio_data/audio_tmp/isrps_dl.wav,True,168.96000,classbank_audio_data/rttm/isrps.rttm,True,19,7,176.50,diarization_output/pred_rttms/isrps_dl.rttm,True,16,7,168.92
isrps_nodl,classbank_audio_data/audio_tmp/isrps_nodl.wav,True,168.96000,classbank_audio_data/rttm/isrps.rttm,True,19,7,176.50,diarization_output/pred_rttms/isrps_nodl.rttm,True,16,7,168.92
isxwc_dl,classbank_audio_data/audio_tmp/isxwc_dl.wav,True,158.01600,classbank_audio_data/rttm/isxwc.rttm,True,19,4,126.25,diarization_output/pred_rttms/isxwc_dl.rttm,True,7,4,138.04
isxwc_nodl,classbank_audio_data/audio_tmp/isxwc_nodl.wav,True,158.01600,classbank_audio_data/rttm/isxwc.rttm,True,19,4,126.25,diarization_output/pred_rttms/isxwc_nodl.rttm,True,7,4,138.04
jbowg_dl,classbank_audio_data/audio_tmp/jbowg_dl.wav,True,1200.06400,classbank_audio_data/rttm/jbowg.rttm,True,62,13,1134.35,diarization_output/pred_rttms/jbowg_dl.rttm,True,260,13,1172.32
jbowg_nodl,classbank_audio_data/audio_tmp/jbowg_nodl.wav,True,1200.06400,classbank_audio_data/rttm/jbowg.rttm,True,62,13,1134.35,diarization_output/pred_rttms/jbowg_nodl.rttm,True,261,13,1181.18
jdrwl_dl,classbank_audio_data/audio_tmp/jdrwl_dl.wav,True,1200.06400,classbank_audio_data/rttm/jdrwl.rttm,True,74,7,1221.03,diarization_output/pred_rttms/jdrwl_dl.rttm,True,49,7,1195.94
jdrwl_nodl,classbank_audio_data/audio_tmp/jdrwl_nodl.wav,True,1200.06400,classbank_audio_data/rttm/jdrwl.rttm,True,74,7,1221.03,diarization_output/pred_rttms/jdrwl_nodl.rttm,True,49,7,1195.94
jeymh_dl,classbank_audio_data/audio_tmp/jeymh_dl.wav,True,1200.06400,classbank_audio_data/rttm/jeymh.rttm,True,82,18,1124.55,diarization_output/pred_rttms/jeymh_dl.rttm,True,160,18,1192.64
jeymh_nodl,classbank_audio_data/audio_tmp/jeymh_nodl.wav,True,1200.06400,classbank_audio_data/rttm/jeymh.rttm,True,82,18,1124.55,diarization_output/pred_rttms/jeymh_nodl.rttm,True,160,18,1192.64
jgiyq_dl,classbank_audio_data/audio_tmp/jgiyq_dl.wav,True,1200.06400,classbank_audio_data/rttm/jgiyq.rttm,True,142,9,1080.79,diarization_output/pred_rttms/jgiyq_dl.rttm,True,182,9,1184.82
jgiyq_nodl,classbank_audio_data/audio_tmp/jgiyq_nodl.wav,True,1200.06400,classbank_audio_data/rttm/jgiyq.rttm,True,142,9,1080.79,diarization_output/pred_rttms/jgiyq_nodl.rttm,True,182,9,1184.82
jjkrt_dl,classbank_audio_data/audio_tmp/jjkrt_dl.wav,True,1020.09600,classbank_audio_data/rttm/jjkrt.rttm,True,170,6,995.64,diarization_output/pred_rttms/jjkrt_dl.rttm,True,112,6,1009.90
jjkrt_nodl,classbank_audio_data/audio_tmp/jjkrt_nodl.wav,True,1020.09600,classbank_audio_data/rttm/jjkrt.rttm,True,170,6,995.64,diarization_output/pred_rttms/jjkrt_nodl.rttm,True,110,6,1010.56
jjvkx_dl,classbank_audio_data/audio_tmp/jjvkx_dl.wav,True,190.01600,classbank_audio_data/rttm/jjvkx.rttm,True,17,6,182.91,diarization_output/pred_rttms/jjvkx_dl.rttm,True,11,6,188.04
jjvkx_nodl,classbank_audio_data/audio_tmp/jjvkx_nodl.wav,True,190.01600,classbank_audio_data/rttm/jjvkx.rttm,True,17,6,182.91,diarization_output/pred_rttms/jjvkx_nodl.rttm,True,11,6,188.04
jrfaz_dl,classbank_audio_data/audio_tmp/jrfaz_dl.wav,True,1200.06400,classbank_audio_data/rttm/jrfaz.rttm,True,123,9,1256.04,diarization_output/pred_rttms/jrfaz_dl.rttm,True,105,9,1179.85
jrfaz_nodl,classbank_audio_data/audio_tmp/jrfaz_nodl.wav,True,1200.06400,classbank_audio_data/rttm/jrfaz.rttm,True,123,9,1256.04,diarization_output/pred_rttms/jrfaz_nodl.rttm,True,105,9,1179.85
jsbdo_dl,classbank_audio_data/audio_tmp/jsbdo_dl.wav,True,848.89600,classbank_audio_data/rttm/jsbdo.rttm,True,154,7,869.61,diarization_output/pred_rttms/jsbdo_dl.rttm,True,160,7,843.07
jsbdo_nodl,classbank_audio_data/audio_tmp/jsbdo_nodl.wav,True,848.89600,classbank_audio_data/rttm/jsbdo.rttm,True,154,7,869.61,diarization_output/pred_rttms/jsbdo_nodl.rttm,True,146,7,840.19
jsymf_dl,classbank_audio_data/audio_tmp/jsymf_dl.wav,True,1045.37600,classbank_audio_data/rttm/jsymf.rttm,True,127,9,979.92,diarization_output/pred_rttms/jsymf_dl.rttm,True,155,9,1037.88
jsymf_nodl,classbank_audio_data/audio_tmp/jsymf_nodl.wav,True,1045.37600,classbank_audio_data/rttm/jsymf.rttm,True,127,9,979.92,diarization_output/pred_rttms/jsymf_nodl.rttm,True,155,9,1037.88
jttar_dl,classbank_audio_data/audio_tmp/jttar_dl.wav,True,643.58400,classbank_audio_data/rttm/jttar.rttm,True,37,7,615.76,diarization_output/pred_rttms/jttar_dl.rttm,True,29,7,639.32
jttar_nodl,classbank_audio_data/audio_tmp/jttar_nodl.wav,True,643.58400,classbank_audio_data/rttm/jttar.rttm,True,37,7,615.76,diarization_output/pred_rttms/jttar_nodl.rttm,True,29,7,639.32
jwggf_dl,classbank_audio_data/audio_tmp/jwggf_dl.wav,True,1200.06400,classbank_audio_data/rttm/jwggf.rttm,True,104,5,1088.78,diarization_output/pred_rttms/jwggf_dl.rttm,True,210,5,1096.16
jwggf_nodl,classbank_audio_data/audio_tmp/jwggf_nodl.wav,True,1200.06400,classbank_audio_data/rttm/jwggf.rttm,True,104,5,1088.78,diarization_output/pred_rttms/jwggf_nodl.rttm,True,211,5,1096.44
jxpom_dl,classbank_audio_data/audio_tmp/jxpom_dl.wav,True,527.04000,classbank_audio_data/rttm/jxpom.rttm,True,167,7,486.50,diarization_output/pred_rttms/jxpom_dl.rttm,True,113,7,509.01
jxpom_nodl,classbank_audio_data/audio_tmp/jxpom_nodl.wav,True,527.04000,classbank_audio_data/rttm/jxpom.rttm,True,167,7,486.50,diarization_output/pred_rttms/jxpom_nodl.rttm,True,167,7,506.88
jxydp_dl,classbank_audio_data/audio_tmp/jxydp_dl.wav,True,85.95200,classbank_audio_data/rttm/jxydp.rttm,True,1,1,86.00,diarization_output/pred_rttms/jxydp_dl.rttm,True,1,1,85.91
jxydp_nodl,classbank_audio_data/audio_tmp/jxydp_nodl.wav,True,85.95200,classbank_audio_data/rttm/jxydp.rttm,True,1,1,86.00,diarization_output/pred_rttms/jxydp_nodl.rttm,True,1,1,85.91
jzkzt_dl,classbank_audio_data/audio_tmp/jzkzt_dl.wav,True,1200.06400,classbank_audio_data/rttm/jzkzt.rttm,True,324,11,1166.40,diarization_output/pred_rttms/jzkzt_dl.rttm,True,382,11,1187.76
jzkzt_nodl,classbank_audio_data/audio_tmp/jzkzt_nodl.wav,True,1200.06400,classbank_audio_data/rttm/jzkzt.rttm,True,324,11,1166.40,diarization_output/pred_rttms/jzkzt_nodl.rttm,True,359,11,1190.10
kajfh_dl,classbank_audio_data/audio_tmp/kajfh_dl.wav,True,955.39200,classbank_audio_data/rttm/kajfh.rttm,True,97,15,779.21,diarization_output/pred_rttms/kajfh_dl.rttm,True,140,15,897.34
kajfh_nodl,classbank_audio_data/audio_tmp/kajfh_nodl.wav,True,955.39200,classbank_audio_data/rttm/kajfh.rttm,True,97,15,779.21,diarization_output/pred_rttms/kajfh_nodl.rttm,True,134,15,905.85
kgjaa_dl,classbank_audio_data/audio_tmp/kgjaa_dl.wav,True,1200.06400,classbank_audio_data/rttm/kgjaa.rttm,True,87,10,1118.15,diarization_output/pred_rttms/kgjaa_dl.rttm,True,180,10,1175.66
kgjaa_nodl,classbank_audio_data/audio_tmp/kgjaa_nodl.wav,True,1200.06400,classbank_audio_data/rttm/kgjaa.rttm,True,87,10,1118.15,diarization_output/pred_rttms/kgjaa_nodl.rttm,True,95,10,1169.93
kmjvh_dl,classbank_audio_data/audio_tmp/kmjvh_dl.wav,True,452.73600,classbank_audio_data/rttm/kmjvh.rttm,True,135,8,366.07,diarization_output/pred_rttms/kmjvh_dl.rttm,True,30,8,449.80
kmjvh_nodl,classbank_audio_data/audio_tmp/kmjvh_nodl.wav,True,452.73600,classbank_audio_data/rttm/kmjvh.rttm,True,135,8,366.07,diarization_output/pred_rttms/kmjvh_nodl.rttm,True,30,8,449.80
kmunk_dl,classbank_audio_data/audio_tmp/kmunk_dl.wav,True,406.40000,classbank_audio_data/rttm/kmunk.rttm,True,53,2,389.06,diarization_output/pred_rttms/kmunk_dl.rttm,True,33,2,400.71
kmunk_nodl,classbank_audio_data/audio_tmp/kmunk_nodl.wav,True,406.40000,classbank_audio_data/rttm/kmunk.rttm,True,53,2,389.06,diarization_output/pred_rttms/kmunk_nodl.rttm,True,33,2,400.71
kpjud_dl,classbank_audio_data/audio_tmp/kpjud_dl.wav,True,140.54400,classbank_audio_data/rttm/kpjud.rttm,True,22,8,146.90,diarization_output/pred_rttms/kpjud_dl.rttm,True,17,8,140.54
kpjud_nodl,classbank_audio_data/audio_tmp/kpjud_nodl.wav,True,140.54400,classbank_audio_data/rttm/kpjud.rttm,True,22,8,146.90,diarization_output/pred_rttms/kpjud_nodl.rttm,True,17,8,140.54
ktvto_dl,classbank_audio_data/audio_tmp/ktvto_dl.wav,True,812.73600,classbank_audio_data/rttm/ktvto.rttm,True,158,9,800.04,diarization_output/pred_rttms/ktvto_dl.rttm,True,211,9,807.54
ktvto_nodl,classbank_audio_data/audio_tmp/ktvto_nodl.wav,True,812.73600,classbank_audio_data/rttm/ktvto.rttm,True,158,9,800.04,diarization_output/pred_rttms/ktvto_nodl.rttm,True,250,9,808.24
kvkje_dl,classbank_audio_data/audio_tmp/kvkje_dl.wav,True,1200.06400,classbank_audio_data/rttm/kvkje.rttm,True,145,8,858.80,diarization_output/pred_rttms/kvkje_dl.rttm,True,28,8,1195.16
kvkje_nodl,classbank_audio_data/audio_tmp/kvkje_nodl.wav,True,1200.06400,classbank_audio_data/rttm/kvkje.rttm,True,145,8,858.80,diarization_output/pred_rttms/kvkje_nodl.rttm,True,28,8,1195.16
kzmyi_dl,classbank_audio_data/audio_tmp/kzmyi_dl.wav,True,1200.06400,classbank_audio_data/rttm/kzmyi.rttm,True,52,8,639.17,diarization_output/pred_rttms/kzmyi_dl.rttm,True,59,8,757.25
kzmyi_nodl,classbank_audio_data/audio_tmp/kzmyi_nodl.wav,True,1200.06400,classbank_audio_data/rttm/kzmyi.rttm,True,52,8,639.17,diarization_output/pred_rttms/kzmyi_nodl.rttm,True,64,8,737.74
laoyl_dl,classbank_audio_data/audio_tmp/laoyl_dl.wav,True,304.06400,classbank_audio_data/rttm/laoyl.rttm,True,44,2,295.59,diarization_output/pred_rttms/laoyl_dl.rttm,True,31,2,293.51
laoyl_nodl,classbank_audio_data/audio_tmp/laoyl_nodl.wav,True,304.06400,classbank_audio_data/rttm/laoyl.rttm,True,44,2,295.59,diarization_output/pred_rttms/laoyl_nodl.rttm,True,31,2,293.51
lbfnx_dl,classbank_audio_data/audio_tmp/lbfnx_dl.wav,True,1200.06400,classbank_audio_data/rttm/lbfnx.rttm,True,135,15,1122.38,diarization_output/pred_rttms/lbfnx_dl.rttm,True,93,15,1189.50
lbfnx_nodl,classbank_audio_data/audio_tmp/lbfnx_nodl.wav,True,1200.06400,classbank_audio_data/rttm/lbfnx.rttm,True,135,15,1122.38,diarization_output/pred_rttms/lbfnx_nodl.rttm,True,93,15,1189.50
ledhe_dl,classbank_audio_data/audio_tmp/ledhe_dl.wav,True,402.75200,classbank_audio_data/rttm/ledhe.rttm,True,29,3,397.87,diarization_output/pred_rttms/ledhe_dl.rttm,True,12,3,402.75
ledhe_nodl,classbank_audio_data/audio_tmp/ledhe_nodl.wav,True,402.75200,classbank_audio_data/rttm/ledhe.rttm,True,29,3,397.87,diarization_output/pred_rttms/ledhe_nodl.rttm,True,12,3,402.75
leneg_dl,classbank_audio_data/audio_tmp/leneg_dl.wav,True,394.68800,classbank_audio_data/rttm/leneg.rttm,True,57,2,348.21,diarization_output/pred_rttms/leneg_dl.rttm,True,31,2,390.93
leneg_nodl,classbank_audio_data/audio_tmp/leneg_nodl.wav,True,394.68800,classbank_audio_data/rttm/leneg.rttm,True,57,2,348.21,diarization_output/pred_rttms/leneg_nodl.rttm,True,31,2,390.93
lhuly_dl,classbank_audio_data/audio_tmp/lhuly_dl.wav,True,1200.06400,classbank_audio_data/rttm/lhuly.rttm,True,66,7,1125.09,diarization_output/pred_rttms/lhuly_dl.rttm,True,94,7,1168.84
lhuly_nodl,classbank_audio_data/audio_tmp/lhuly_nodl.wav,True,1200.06400,classbank_audio_data/rttm/lhuly.rttm,True,66,7,1125.09,diarization_output/pred_rttms/lhuly_nodl.rttm,True,215,7,1167.08
lilfy_dl,classbank_audio_data/audio_tmp/lilfy_dl.wav,True,191.23200,classbank_audio_data/rttm/lilfy.rttm,True,24,5,173.26,diarization_output/pred_rttms/lilfy_dl.rttm,True,16,5,191.23
lilfy_nodl,classbank_audio_data/audio_tmp/lilfy_nodl.wav,True,191.23200,classbank_audio_data/rttm/lilfy.rttm,True,24,5,173.26,diarization_output/pred_rttms/lilfy_nodl.rttm,True,16,5,191.23
ljpes_dl,classbank_audio_data/audio_tmp/ljpes_dl.wav,True,198.40000,classbank_audio_data/rttm/ljpes.rttm,True,17,4,183.76,diarization_output/pred_rttms/ljpes_dl.rttm,True,7,4,197.25
ljpes_nodl,classbank_audio_data/audio_tmp/ljpes_nodl.wav,True,198.40000,classbank_audio_data/rttm/ljpes.rttm,True,17,4,183.76,diarization_output/pred_rttms/ljpes_nodl.rttm,True,7,4,197.25
lkikz_dl,classbank_audio_data/audio_tmp/lkikz_dl.wav,True,1200.06400,classbank_audio_data/rttm/lkikz.rttm,True,77,2,1135.67,diarization_output/pred_rttms/lkikz_dl.rttm,True,44,2,1194.42
lkikz_nodl,classbank_audio_data/audio_tmp/lkikz_nodl.wav,True,1200.06400,classbank_audio_data/rttm/lkikz.rttm,True,77,2,1135.67,diarization_output/pred_rttms/lkikz_nodl.rttm,True,46,2,1192.43
lpola_dl,classbank_audio_data/audio_tmp/lpola_dl.wav,True,840.44800,classbank_audio_data/rttm/lpola.rttm,True,101,3,811.02,diarization_output/pred_rttms/lpola_dl.rttm,True,91,3,834.14
lpola_nodl,classbank_audio_data/audio_tmp/lpola_nodl.wav,True,840.44800,classbank_audio_data/rttm/lpola.rttm,True,101,3,811.02,diarization_output/pred_rttms/lpola_nodl.rttm,True,91,3,834.14
lscfc_dl,classbank_audio_data/audio_tmp/lscfc_dl.wav,True,862.97600,classbank_audio_data/rttm/lscfc.rttm,True,128,7,775.64,diarization_output/pred_rttms/lscfc_dl.rttm,True,134,7,849.54
lscfc_nodl,classbank_audio_data/audio_tmp/lscfc_nodl.wav,True,862.97600,classbank_audio_data/rttm/lscfc.rttm,True,128,7,775.64,diarization_output/pred_rttms/lscfc_nodl.rttm,True,116,7,849.25
ltgmz_dl,classbank_audio_data/audio_tmp/ltgmz_dl.wav,True,209.66400,classbank_audio_data/rttm/ltgmz.rttm,True,37,2,171.04,diarization_output/pred_rttms/ltgmz_dl.rttm,True,41,2,190.55
ltgmz_nodl,classbank_audio_data/audio_tmp/ltgmz_nodl.wav,True,209.66400,classbank_audio_data/rttm/ltgmz.rttm,True,37,2,171.04,diarization_output/pred_rttms/ltgmz_nodl.rttm,True,38,2,191.07
lubpm_dl,classbank_audio_data/audio_tmp/lubpm_dl.wav,True,82.11200,classbank_audio_data/rttm/lubpm.rttm,True,9,2,54.37,diarization_output/pred_rttms/lubpm_dl.rttm,True,4,2,82.11
lubpm_nodl,classbank_audio_data/audio_tmp/lubpm_nodl.wav,True,82.11200,classbank_audio_data/rttm/lubpm.rttm,True,9,2,54.37,diarization_output/pred_rttms/lubpm_nodl.rttm,True,4,2,82.11
luobn_dl,classbank_audio_data/audio_tmp/luobn_dl.wav,True,84.92800,classbank_audio_data/rttm/luobn.rttm,True,12,2,83.48,diarization_output/pred_rttms/luobn_dl.rttm,True,4,2,84.40
luobn_nodl,classbank_audio_data/audio_tmp/luobn_nodl.wav,True,84.92800,classbank_audio_data/rttm/luobn.rttm,True,12,2,83.48,diarization_output/pred_rttms/luobn_nodl.rttm,True,4,2,84.40
mbzht_dl,classbank_audio_data/audio_tmp/mbzht_dl.wav,True,130.81600,classbank_audio_data/rttm/mbzht.rttm,True,20,5,129.07,diarization_output/pred_rttms/mbzht_dl.rttm,True,38,5,130.53
mbzht_nodl,classbank_audio_data/audio_tmp/mbzht_nodl.wav,True,130.81600,classbank_audio_data/rttm/mbzht.rttm,True,20,5,129.07,diarization_output/pred_rttms/mbzht_nodl.rttm,True,38,5,130.53
mclsr_dl,classbank_audio_data/audio_tmp/mclsr_dl.wav,True,289.15200,classbank_audio_data/rttm/mclsr.rttm,True,34,11,275.60,diarization_output/pred_rttms/mclsr_dl.rttm,True,49,11,289.15
mclsr_nodl,classbank_audio_data/audio_tmp/mclsr_nodl.wav,True,289.15200,classbank_audio_data/rttm/mclsr.rttm,True,34,11,275.60,diarization_output/pred_rttms/mclsr_nodl.rttm,True,49,11,289.15
mhwyr_dl,classbank_audio_data/audio_tmp/mhwyr_dl.wav,True,1128.44800,classbank_audio_data/rttm/mhwyr.rttm,True,177,8,1081.84,diarization_output/pred_rttms/mhwyr_dl.rttm,True,355,8,1118.21
mhwyr_nodl,classbank_audio_data/audio_tmp/mhwyr_nodl.wav,True,1128.44800,classbank_audio_data/rttm/mhwyr.rttm,True,177,8,1081.84,diarization_output/pred_rttms/mhwyr_nodl.rttm,True,149,8,1115.77
mjmgr_dl,classbank_audio_data/audio_tmp/mjmgr_dl.wav,True,284.67200,classbank_audio_data/rttm/mjmgr.rttm,True,24,9,269.02,diarization_output/pred_rttms/mjmgr_dl.rttm,True,68,9,281.88
mjmgr_nodl,classbank_audio_data/audio_tmp/mjmgr_nodl.wav,True,284.67200,classbank_audio_data/rttm/mjmgr.rttm,True,24,9,269.02,diarization_output/pred_rttms/mjmgr_nodl.rttm,True,68,9,281.88
mkhie_dl,classbank_audio_data/audio_tmp/mkhie_dl.wav,True,1200.06400,classbank_audio_data/rttm/mkhie.rttm,True,78,12,1086.06,diarization_output/pred_rttms/mkhie_dl.rttm,True,222,12,1160.88
mkhie_nodl,classbank_audio_data/audio_tmp/mkhie_nodl.wav,True,1200.06400,classbank_audio_data/rttm/mkhie.rttm,True,78,12,1086.06,diarization_output/pred_rttms/mkhie_nodl.rttm,True,344,12,1157.90
mqtep_dl,classbank_audio_data/audio_tmp/mqtep_dl.wav,True,138.94400,classbank_audio_data/rttm/mqtep.rttm,True,9,4,133.25,diarization_output/pred_rttms/mqtep_dl.rttm,True,7,4,138.62
mqtep_nodl,classbank_audio_data/audio_tmp/mqtep_nodl.wav,True,138.94400,classbank_audio_data/rttm/mqtep.rttm,True,9,4,133.25,diarization_output/pred_rttms/mqtep_nodl.rttm,True,7,4,138.62
msbyq_dl,classbank_audio_data/audio_tmp/msbyq_dl.wav,True,38.27200,classbank_audio_data/rttm/msbyq.rttm,True,7,4,37.45,diarization_output/pred_rttms/msbyq_dl.rttm,True,9,4,38.27
msbyq_nodl,classbank_audio_data/audio_tmp/msbyq_nodl.wav,True,38.27200,classbank_audio_data/rttm/msbyq.rttm,True,7,4,37.45,diarization_output/pred_rttms/msbyq_nodl.rttm,True,9,4,38.27
mupzb_dl,classbank_audio_data/audio_tmp/mupzb_dl.wav,True,496.64000,classbank_audio_data/rttm/mupzb.rttm,True,142,2,385.02,diarization_output/pred_rttms/mupzb_dl.rttm,True,31,2,496.62
mupzb_nodl,classbank_audio_data/audio_tmp/mupzb_nodl.wav,True,496.64000,classbank_audio_data/rttm/mupzb.rttm,True,142,2,385.02,diarization_output/pred_rttms/mupzb_nodl.rttm,True,31,2,496.62
mxdpo_dl,classbank_audio_data/audio_tmp/mxdpo_dl.wav,True,196.41600,classbank_audio_data/rttm/mxdpo.rttm,True,22,2,98.58,diarization_output/pred_rttms/mxdpo_dl.rttm,True,26,2,171.75
mxdpo_nodl,classbank_audio_data/audio_tmp/mxdpo_nodl.wav,True,196.41600,classbank_audio_data/rttm/mxdpo.rttm,True,22,2,98.58,diarization_output/pred_rttms/mxdpo_nodl.rttm,True,26,2,173.65
mxduo_dl,classbank_audio_data/audio_tmp/mxduo_dl.wav,True,1200.06400,classbank_audio_data/rttm/mxduo.rttm,True,135,10,1018.14,diarization_output/pred_rttms/mxduo_dl.rttm,True,247,10,1122.88
mxduo_nodl,classbank_audio_data/audio_tmp/mxduo_nodl.wav,True,1200.06400,classbank_audio_data/rttm/mxduo.rttm,True,135,10,1018.14,diarization_output/pred_rttms/mxduo_nodl.rttm,True,247,10,1122.88
myjoe_dl,classbank_audio_data/audio_tmp/myjoe_dl.wav,True,572.22400,classbank_audio_data/rttm/myjoe.rttm,True,166,2,527.42,diarization_output/pred_rttms/myjoe_dl.rttm,True,84,2,566.89
myjoe_nodl,classbank_audio_data/audio_tmp/myjoe_nodl.wav,True,572.22400,classbank_audio_data/rttm/myjoe.rttm,True,166,2,527.42,diarization_output/pred_rttms/myjoe_nodl.rttm,True,84,2,566.89
neiye_dl,classbank_audio_data/audio_tmp/neiye_dl.wav,True,48.83200,classbank_audio_data/rttm/neiye.rttm,True,3,1,47.14,diarization_output/pred_rttms/neiye_dl.rttm,True,1,1,48.39
neiye_nodl,classbank_audio_data/audio_tmp/neiye_nodl.wav,True,48.83200,classbank_audio_data/rttm/neiye.rttm,True,3,1,47.14,diarization_output/pred_rttms/neiye_nodl.rttm,True,1,1,48.39
nitgx_dl,classbank_audio_data/audio_tmp/nitgx_dl.wav,True,1164.60800,classbank_audio_data/rttm/nitgx.rttm,True,174,21,1167.69,diarization_output/pred_rttms/nitgx_dl.rttm,True,211,21,1157.77
nitgx_nodl,classbank_audio_data/audio_tmp/nitgx_nodl.wav,True,1164.60800,classbank_audio_data/rttm/nitgx.rttm,True,174,21,1167.69,diarization_output/pred_rttms/nitgx_nodl.rttm,True,231,21,1158.32
nkqzr_dl,classbank_audio_data/audio_tmp/nkqzr_dl.wav,True,1017.15200,classbank_audio_data/rttm/nkqzr.rttm,True,228,11,1068.36,diarization_output/pred_rttms/nkqzr_dl.rttm,True,372,11,1002.48
nkqzr_nodl,classbank_audio_data/audio_tmp/nkqzr_nodl.wav,True,1017.15200,classbank_audio_data/rttm/nkqzr.rttm,True,228,11,1068.36,diarization_output/pred_rttms/nkqzr_nodl.rttm,True,265,11,1005.25
nlvdr_dl,classbank_audio_data/audio_tmp/nlvdr_dl.wav,True,1200.06400,classbank_audio_data/rttm/nlvdr.rttm,True,142,10,1039.81,diarization_output/pred_rttms/nlvdr_dl.rttm,True,85,10,1173.34
nlvdr_nodl,classbank_audio_data/audio_tmp/nlvdr_nodl.wav,True,1200.06400,classbank_audio_data/rttm/nlvdr.rttm,True,142,10,1039.81,diarization_output/pred_rttms/nlvdr_nodl.rttm,True,85,10,1173.34
nprxc_dl,classbank_audio_data/audio_tmp/nprxc_dl.wav,True,402.04800,classbank_audio_data/rttm/nprxc.rttm,True,153,4,368.57,diarization_output/pred_rttms/nprxc_dl.rttm,True,83,4,400.59
nprxc_nodl,classbank_audio_data/audio_tmp/nprxc_nodl.wav,True,402.04800,classbank_audio_data/rttm/nprxc.rttm,True,153,4,368.57,diarization_output/pred_rttms/nprxc_nodl.rttm,True,83,4,400.59
nqcpi_dl,classbank_audio_data/audio_tmp/nqcpi_dl.wav,True,100.86400,classbank_audio_data/rttm/nqcpi.rttm,True,15,7,94.50,diarization_output/pred_rttms/nqcpi_dl.rttm,True,12,7,100.86
nqcpi_nodl,classbank_audio_data/audio_tmp/nqcpi_nodl.wav,True,100.86400,classbank_audio_data/rttm/nqcpi.rttm,True,15,7,94.50,diarization_output/pred_rttms/nqcpi_nodl.rttm,True,12,7,100.86
nqyqm_dl,classbank_audio_data/audio_tmp/nqyqm_dl.wav,True,1035.07200,classbank_audio_data/rttm/nqyqm.rttm,True,85,8,978.34,diarization_output/pred_rttms/nqyqm_dl.rttm,True,188,8,1026.71
nqyqm_nodl,classbank_audio_data/audio_tmp/nqyqm_nodl.wav,True,1035.07200,classbank_audio_data/rttm/nqyqm.rttm,True,85,8,978.34,diarization_output/pred_rttms/nqyqm_nodl.rttm,True,188,8,1026.71
ocfop_dl,classbank_audio_data/audio_tmp/ocfop_dl.wav,True,1200.06400,classbank_audio_data/rttm/ocfop.rttm,True,137,2,1358.86,diarization_output/pred_rttms/ocfop_dl.rttm,True,118,2,1193.90
ocfop_nodl,classbank_audio_data/audio_tmp/ocfop_nodl.wav,True,1200.06400,classbank_audio_data/rttm/ocfop.rttm,True,137,2,1358.86,diarization_output/pred_rttms/ocfop_nodl.rttm,True,118,2,1193.90
ofbxh_dl,classbank_audio_data/audio_tmp/ofbxh_dl.wav,True,1200.06400,classbank_audio_data/rttm/ofbxh.rttm,True,109,7,1064.38,diarization_output/pred_rttms/ofbxh_dl.rttm,True,75,7,1181.23
ofbxh_nodl,classbank_audio_data/audio_tmp/ofbxh_nodl.wav,True,1200.06400,classbank_audio_data/rttm/ofbxh.rttm,True,109,7,1064.38,diarization_output/pred_rttms/ofbxh_nodl.rttm,True,75,7,1181.23
olzkb_dl,classbank_audio_data/audio_tmp/olzkb_dl.wav,True,216.76800,classbank_audio_data/rttm/olzkb.rttm,True,28,2,210.07,diarization_output/pred_rttms/olzkb_dl.rttm,True,25,2,215.58
olzkb_nodl,classbank_audio_data/audio_tmp/olzkb_nodl.wav,True,216.76800,classbank_audio_data/rttm/olzkb.rttm,True,28,2,210.07,diarization_output/pred_rttms/olzkb_nodl.rttm,True,25,2,215.58
ooxlj_dl,classbank_audio_data/audio_tmp/ooxlj_dl.wav,True,198.14400,classbank_audio_data/rttm/ooxlj.rttm,True,35,1,149.92,diarization_output/pred_rttms/ooxlj_dl.rttm,True,3,1,196.55
ooxlj_nodl,classbank_audio_data/audio_tmp/ooxlj_nodl.wav,True,198.14400,classbank_audio_data/rttm/ooxlj.rttm,True,35,1,149.92,diarization_output/pred_rttms/ooxlj_nodl.rttm,True,3,1,196.55
optsn_dl,classbank_audio_data/audio_tmp/optsn_dl.wav,True,997.12000,classbank_audio_data/rttm/optsn.rttm,True,164,9,906.33,diarization_output/pred_rttms/optsn_dl.rttm,True,155,9,984.03
oqwpd_dl,classbank_audio_data/audio_tmp/oqwpd_dl.wav,True,237.88800,classbank_audio_data/rttm/oqwpd.rttm,True,29,4,236.89,diarization_output/pred_rttms/oqwpd_dl.rttm,True,20,4,234.49
oqwpd_nodl,classbank_audio_data/audio_tmp/oqwpd_nodl.wav,True,237.88800,classbank_audio_data/rttm/oqwpd.rttm,True,29,4,236.89,diarization_output/pred_rttms/oqwpd_nodl.rttm,True,20,4,234.49
otmpf_dl,classbank_audio_data/audio_tmp/otmpf_dl.wav,True,430.72000,classbank_audio_data/rttm/otmpf.rttm,True,15,3,413.09,diarization_output/pred_rttms/otmpf_dl.rttm,True,149,3,429.15
otmpf_nodl,classbank_audio_data/audio_tmp/otmpf_nodl.wav,True,430.72000,classbank_audio_data/rttm/otmpf.rttm,True,15,3,413.09,diarization_output/pred_rttms/otmpf_nodl.rttm,True,149,3,429.15
oubab_dl,classbank_audio_data/audio_tmp/oubab_dl.wav,True,609.98400,classbank_audio_data/rttm/oubab.rttm,True,117,4,555.22,diarization_output/pred_rttms/oubab_dl.rttm,True,104,4,567.49
oubab_nodl,classbank_audio_data/audio_tmp/oubab_nodl.wav,True,609.98400,classbank_audio_data/rttm/oubab.rttm,True,117,4,555.22,diarization_output/pred_rttms/oubab_nodl.rttm,True,105,4,568.77
ouvtt_dl,classbank_audio_data/audio_tmp/ouvtt_dl.wav,True,727.61600,classbank_audio_data/rttm/ouvtt.rttm,True,201,2,708.66,diarization_output/pred_rttms/ouvtt_dl.rttm,True,97,2,723.15
ouvtt_nodl,classbank_audio_data/audio_tmp/ouvtt_nodl.wav,True,727.61600,classbank_audio_data/rttm/ouvtt.rttm,True,201,2,708.66,diarization_output/pred_rttms/ouvtt_nodl.rttm,True,97,2,723.15
pccww_dl,classbank_audio_data/audio_tmp/pccww_dl.wav,True,137.02400,classbank_audio_data/rttm/pccww.rttm,True,13,3,132.14,diarization_output/pred_rttms/pccww_dl.rttm,True,12,3,137.02
pccww_nodl,classbank_audio_data/audio_tmp/pccww_nodl.wav,True,137.02400,classbank_audio_data/rttm/pccww.rttm,True,13,3,132.14,diarization_output/pred_rttms/pccww_nodl.rttm,True,12,3,137.02
pgtkk_dl,classbank_audio_data/audio_tmp/pgtkk_dl.wav,True,235.13600,classbank_audio_data/rttm/pgtkk.rttm,True,38,9,220.42,diarization_output/pred_rttms/pgtkk_dl.rttm,True,42,9,229.42
pgtkk_nodl,classbank_audio_data/audio_tmp/pgtkk_nodl.wav,True,235.13600,classbank_audio_data/rttm/pgtkk.rttm,True,38,9,220.42,diarization_output/pred_rttms/pgtkk_nodl.rttm,True,42,9,229.42
pkwrt_dl,classbank_audio_data/audio_tmp/pkwrt_dl.wav,True,166.46400,classbank_audio_data/rttm/pkwrt.rttm,True,18,5,180.54,diarization_output/pred_rttms/pkwrt_dl.rttm,True,22,5,164.26
pkwrt_nodl,classbank_audio_data/audio_tmp/pkwrt_nodl.wav,True,166.46400,classbank_audio_data/rttm/pkwrt.rttm,True,18,5,180.54,diarization_output/pred_rttms/pkwrt_nodl.rttm,True,22,5,164.26
poucc_nodl,classbank_audio_data/audio_tmp/poucc_nodl.wav,True,924.16000,classbank_audio_data/rttm/poucc.rttm,True,231,7,944.19,diarization_output/pred_rttms/poucc_nodl.rttm,True,225,7,915.50
ppexo_dl,classbank_audio_data/audio_tmp/ppexo_dl.wav,True,178.43200,classbank_audio_data/rttm/ppexo.rttm,True,25,1,113.76,diarization_output/pred_rttms/ppexo_dl.rttm,True,6,1,174.56
ppexo_nodl,classbank_audio_data/audio_tmp/ppexo_nodl.wav,True,178.43200,classbank_audio_data/rttm/ppexo.rttm,True,25,1,113.76,diarization_output/pred_rttms/ppexo_nodl.rttm,True,6,1,174.56
ptses_dl,classbank_audio_data/audio_tmp/ptses_dl.wav,True,698.62400,classbank_audio_data/rttm/ptses.rttm,True,321,9,608.70,diarization_output/pred_rttms/ptses_dl.rttm,True,229,9,681.27
ptses_nodl,classbank_audio_data/audio_tmp/ptses_nodl.wav,True,698.62400,classbank_audio_data/rttm/ptses.rttm,True,321,9,608.70,diarization_output/pred_rttms/ptses_nodl.rttm,True,237,9,683.98
pwnsw_dl,classbank_audio_data/audio_tmp/pwnsw_dl.wav,True,1016.70400,classbank_audio_data/rttm/pwnsw.rttm,True,123,13,1012.76,diarization_output/pred_rttms/pwnsw_dl.rttm,True,514,13,1002.42
pxqme_dl,classbank_audio_data/audio_tmp/pxqme_dl.wav,True,387.13600,classbank_audio_data/rttm/pxqme.rttm,True,8,1,371.17,diarization_output/pred_rttms/pxqme_dl.rttm,True,2,1,386.31
pxqme_nodl,classbank_audio_data/audio_tmp/pxqme_nodl.wav,True,387.13600,classbank_audio_data/rttm/pxqme.rttm,True,8,1,371.17,diarization_output/pred_rttms/pxqme_nodl.rttm,True,2,1,386.31
pzxit_dl,classbank_audio_data/audio_tmp/pzxit_dl.wav,True,612.86400,classbank_audio_data/rttm/pzxit.rttm,True,56,7,606.32,diarization_output/pred_rttms/pzxit_dl.rttm,True,23,7,607.76
pzxit_nodl,classbank_audio_data/audio_tmp/pzxit_nodl.wav,True,612.86400,classbank_audio_data/rttm/pzxit.rttm,True,56,7,606.32,diarization_output/pred_rttms/pzxit_nodl.rttm,True,23,7,607.76
qadia_dl,classbank_audio_data/audio_tmp/qadia_dl.wav,True,308.60800,classbank_audio_data/rttm/qadia.rttm,True,38,8,260.39,diarization_output/pred_rttms/qadia_dl.rttm,True,23,8,303.74
qadia_nodl,classbank_audio_data/audio_tmp/qadia_nodl.wav,True,308.60800,classbank_audio_data/rttm/qadia.rttm,True,38,8,260.39,diarization_output/pred_rttms/qadia_nodl.rttm,True,23,8,303.74
qajyo_dl,classbank_audio_data/audio_tmp/qajyo_dl.wav,True,920.64000,classbank_audio_data/rttm/qajyo.rttm,True,136,17,969.19,diarization_output/pred_rttms/qajyo_dl.rttm,True,261,17,914.48
qajyo_nodl,classbank_audio_data/audio_tmp/qajyo_nodl.wav,True,920.64000,classbank_audio_data/rttm/qajyo.rttm,True,136,17,969.19,diarization_output/pred_rttms/qajyo_nodl.rttm,True,267,17,913.32
qeejz_dl,classbank_audio_data/audio_tmp/qeejz_dl.wav,True,296.70400,classbank_audio_data/rttm/qeejz.rttm,True,52,14,268.38,diarization_output/pred_rttms/qeejz_dl.rttm,True,43,14,295.95
qeejz_nodl,classbank_audio_data/audio_tmp/qeejz_nodl.wav,True,296.70400,classbank_audio_data/rttm/qeejz.rttm,True,52,14,268.38,diarization_output/pred_rttms/qeejz_nodl.rttm,True,43,14,295.95
qlrry_dl,classbank_audio_data/audio_tmp/qlrry_dl.wav,True,434.75200,classbank_audio_data/rttm/qlrry.rttm,True,86,7,311.33,diarization_output/pred_rttms/qlrry_dl.rttm,True,103,7,425.09
qlrry_nodl,classbank_audio_data/audio_tmp/qlrry_nodl.wav,True,434.75200,classbank_audio_data/rttm/qlrry.rttm,True,86,7,311.33,diarization_output/pred_rttms/qlrry_nodl.rttm,True,103,7,425.09
qoarn_dl,classbank_audio_data/audio_tmp/qoarn_dl.wav,True,1200.06400,classbank_audio_data/rttm/qoarn.rttm,True,99,8,1061.37,diarization_output/pred_rttms/qoarn_dl.rttm,True,113,8,1120.21
qoarn_nodl,classbank_audio_data/audio_tmp/qoarn_nodl.wav,True,1200.06400,classbank_audio_data/rttm/qoarn.rttm,True,99,8,1061.37,diarization_output/pred_rttms/qoarn_nodl.rttm,True,113,8,1120.21
qwepo_dl,classbank_audio_data/audio_tmp/qwepo_dl.wav,True,439.42400,classbank_audio_data/rttm/qwepo.rttm,True,55,4,502.65,diarization_output/pred_rttms/qwepo_dl.rttm,True,39,4,439.40
qwepo_nodl,classbank_audio_data/audio_tmp/qwepo_nodl.wav,True,439.42400,classbank_audio_data/rttm/qwepo.rttm,True,55,4,502.65,diarization_output/pred_rttms/qwepo_nodl.rttm,True,37,4,438.88
qxana_dl,classbank_audio_data/audio_tmp/qxana_dl.wav,True,1200.06400,classbank_audio_data/rttm/qxana.rttm,True,76,14,1118.96,diarization_output/pred_rttms/qxana_dl.rttm,True,175,14,1187.08
qxana_nodl,classbank_audio_data/audio_tmp/qxana_nodl.wav,True,1200.06400,classbank_audio_data/rttm/qxana.rttm,True,76,14,1118.96,diarization_output/pred_rttms/qxana_nodl.rttm,True,156,14,1171.31
ralnu_dl,classbank_audio_data/audio_tmp/ralnu_dl.wav,True,175.48800,classbank_audio_data/rttm/ralnu.rttm,True,40,8,171.30,diarization_output/pred_rttms/ralnu_dl.rttm,True,39,8,169.38
ralnu_nodl,classbank_audio_data/audio_tmp/ralnu_nodl.wav,True,175.48800,classbank_audio_data/rttm/ralnu.rttm,True,40,8,171.30,diarization_output/pred_rttms/ralnu_nodl.rttm,True,39,8,169.38
rarij_dl,classbank_audio_data/audio_tmp/rarij_dl.wav,True,1200.06400,classbank_audio_data/rttm/rarij.rttm,True,66,10,1124.50,diarization_output/pred_rttms/rarij_dl.rttm,True,109,10,1156.17
rarij_nodl,classbank_audio_data/audio_tmp/rarij_nodl.wav,True,1200.06400,classbank_audio_data/rttm/rarij.rttm,True,66,10,1124.50,diarization_output/pred_rttms/rarij_nodl.rttm,True,109,10,1156.17
rmvsh_dl,classbank_audio_data/audio_tmp/rmvsh_dl.wav,True,103.55200,classbank_audio_data/rttm/rmvsh.rttm,True,5,2,99.43,diarization_output/pred_rttms/rmvsh_dl.rttm,True,3,2,102.90
rmvsh_nodl,classbank_audio_data/audio_tmp/rmvsh_nodl.wav,True,103.55200,classbank_audio_data/rttm/rmvsh.rttm,True,5,2,99.43,diarization_output/pred_rttms/rmvsh_nodl.rttm,True,3,2,102.90
rpkso_dl,classbank_audio_data/audio_tmp/rpkso_dl.wav,True,329.02400,classbank_audio_data/rttm/rpkso.rttm,True,38,5,340.53,diarization_output/pred_rttms/rpkso_dl.rttm,True,25,5,329.02
rpkso_nodl,classbank_audio_data/audio_tmp/rpkso_nodl.wav,True,329.02400,classbank_audio_data/rttm/rpkso.rttm,True,38,5,340.53,diarization_output/pred_rttms/rpkso_nodl.rttm,True,25,5,329.02
rsypp_dl,classbank_audio_data/audio_tmp/rsypp_dl.wav,True,1200.06400,classbank_audio_data/rttm/rsypp.rttm,True,69,10,1082.84,diarization_output/pred_rttms/rsypp_dl.rttm,True,221,10,1134.79
rsypp_nodl,classbank_audio_data/audio_tmp/rsypp_nodl.wav,True,1200.06400,classbank_audio_data/rttm/rsypp.rttm,True,69,10,1082.84,diarization_output/pred_rttms/rsypp_nodl.rttm,True,225,10,1138.65
rxulz_dl,classbank_audio_data/audio_tmp/rxulz_dl.wav,True,1200.06400,classbank_audio_data/rttm/rxulz.rttm,True,116,10,1100.27,diarization_output/pred_rttms/rxulz_dl.rttm,True,214,10,1157.91
rxulz_nodl,classbank_audio_data/audio_tmp/rxulz_nodl.wav,True,1200.06400,classbank_audio_data/rttm/rxulz.rttm,True,116,10,1100.27,diarization_output/pred_rttms/rxulz_nodl.rttm,True,133,10,1165.53
ryken_dl,classbank_audio_data/audio_tmp/ryken_dl.wav,True,1200.06400,classbank_audio_data/rttm/ryken.rttm,True,60,7,1177.45,diarization_output/pred_rttms/ryken_dl.rttm,True,48,7,1196.69
ryken_nodl,classbank_audio_data/audio_tmp/ryken_nodl.wav,True,1200.06400,classbank_audio_data/rttm/ryken.rttm,True,60,7,1177.45,diarization_output/pred_rttms/ryken_nodl.rttm,True,47,7,1196.25
sbrmv_dl,classbank_audio_data/audio_tmp/sbrmv_dl.wav,True,188.54400,classbank_audio_data/rttm/sbrmv.rttm,True,57,3,231.46,diarization_output/pred_rttms/sbrmv_dl.rttm,True,19,3,178.89
sbrmv_nodl,classbank_audio_data/audio_tmp/sbrmv_nodl.wav,True,188.54400,classbank_audio_data/rttm/sbrmv.rttm,True,57,3,231.46,diarization_output/pred_rttms/sbrmv_nodl.rttm,True,19,3,178.24
sebyw_dl,classbank_audio_data/audio_tmp/sebyw_dl.wav,True,1200.06400,classbank_audio_data/rttm/sebyw.rttm,True,33,7,1169.12,diarization_output/pred_rttms/sebyw_dl.rttm,True,168,7,1183.31
sebyw_nodl,classbank_audio_data/audio_tmp/sebyw_nodl.wav,True,1200.06400,classbank_audio_data/rttm/sebyw.rttm,True,33,7,1169.12,diarization_output/pred_rttms/sebyw_nodl.rttm,True,168,7,1183.31
sexgc_dl,classbank_audio_data/audio_tmp/sexgc_dl.wav,True,831.29600,classbank_audio_data/rttm/sexgc.rttm,True,128,4,837.94,diarization_output/pred_rttms/sexgc_dl.rttm,True,76,4,827.29
sexgc_nodl,classbank_audio_data/audio_tmp/sexgc_nodl.wav,True,831.29600,classbank_audio_data/rttm/sexgc.rttm,True,128,4,837.94,diarization_output/pred_rttms/sexgc_nodl.rttm,True,76,4,827.29
sfdvy_dl,classbank_audio_data/audio_tmp/sfdvy_dl.wav,True,336.57600,classbank_audio_data/rttm/sfdvy.rttm,True,5,1,321.54,diarization_output/pred_rttms/sfdvy_dl.rttm,True,4,1,334.96
sfdvy_nodl,classbank_audio_data/audio_tmp/sfdvy_nodl.wav,True,336.57600,classbank_audio_data/rttm/sfdvy.rttm,True,5,1,321.54,diarization_output/pred_rttms/sfdvy_nodl.rttm,True,4,1,334.96
svxzm_dl,classbank_audio_data/audio_tmp/svxzm_dl.wav,True,1005.69600,classbank_audio_data/rttm/svxzm.rttm,True,30,1,940.85,diarization_output/pred_rttms/svxzm_dl.rttm,True,4,1,994.63
svxzm_nodl,classbank_audio_data/audio_tmp/svxzm_nodl.wav,True,1005.69600,classbank_audio_data/rttm/svxzm.rttm,True,30,1,940.85,diarization_output/pred_rttms/svxzm_nodl.rttm,True,4,1,994.63
swbnm_dl,classbank_audio_data/audio_tmp/swbnm_dl.wav,True,1200.06400,classbank_audio_data/rttm/swbnm.rttm,True,90,7,1088.72,diarization_output/pred_rttms/swbnm_dl.rttm,True,44,7,1174.95
swbnm_nodl,classbank_audio_data/audio_tmp/swbnm_nodl.wav,True,1200.06400,classbank_audio_data/rttm/swbnm.rttm,True,90,7,1088.72,diarization_output/pred_rttms/swbnm_nodl.rttm,True,44,7,1174.95
sxqvt_dl,classbank_audio_data/audio_tmp/sxqvt_dl.wav,True,319.61600,classbank_audio_data/rttm/sxqvt.rttm,True,52,2,226.65,diarization_output/pred_rttms/sxqvt_dl.rttm,True,40,2,317.55
sxqvt_nodl,classbank_audio_data/audio_tmp/sxqvt_nodl.wav,True,319.61600,classbank_audio_data/rttm/sxqvt.rttm,True,52,2,226.65,diarization_output/pred_rttms/sxqvt_nodl.rttm,True,40,2,317.55
tbjqx_dl,classbank_audio_data/audio_tmp/tbjqx_dl.wav,True,789.88800,classbank_audio_data/rttm/tbjqx.rttm,True,140,8,825.47,diarization_output/pred_rttms/tbjqx_dl.rttm,True,138,8,784.33
tbjqx_nodl,classbank_audio_data/audio_tmp/tbjqx_nodl.wav,True,789.88800,classbank_audio_data/rttm/tbjqx.rttm,True,140,8,825.47,diarization_output/pred_rttms/tbjqx_nodl.rttm,True,138,8,784.33
thnuq_dl,classbank_audio_data/audio_tmp/thnuq_dl.wav,True,1200.06400,classbank_audio_data/rttm/thnuq.rttm,True,71,10,928.68,diarization_output/pred_rttms/thnuq_dl.rttm,True,202,10,1121.65
thnuq_nodl,classbank_audio_data/audio_tmp/thnuq_nodl.wav,True,1200.06400,classbank_audio_data/rttm/thnuq.rttm,True,71,10,928.68,diarization_output/pred_rttms/thnuq_nodl.rttm,True,178,10,1120.14
tiido_dl,classbank_audio_data/audio_tmp/tiido_dl.wav,True,350.01600,classbank_audio_data/rttm/tiido.rttm,True,116,2,316.28,diarization_output/pred_rttms/tiido_dl.rttm,True,47,2,346.86
tiido_nodl,classbank_audio_data/audio_tmp/tiido_nodl.wav,True,350.01600,classbank_audio_data/rttm/tiido.rttm,True,116,2,316.28,diarization_output/pred_rttms/tiido_nodl.rttm,True,47,2,346.86
tkhgs_dl,classbank_audio_data/audio_tmp/tkhgs_dl.wav,True,262.14400,classbank_audio_data/rttm/tkhgs.rttm,True,27,2,250.57,diarization_output/pred_rttms/tkhgs_dl.rttm,True,9,2,258.08
tkhgs_nodl,classbank_audio_data/audio_tmp/tkhgs_nodl.wav,True,262.14400,classbank_audio_data/rttm/tkhgs.rttm,True,27,2,250.57,diarization_output/pred_rttms/tkhgs_nodl.rttm,True,9,2,258.08
tkybe_dl,classbank_audio_data/audio_tmp/tkybe_dl.wav,True,1200.06400,classbank_audio_data/rttm/tkybe.rttm,True,102,6,1132.08,diarization_output/pred_rttms/tkybe_dl.rttm,True,50,6,1191.22
tkybe_nodl,classbank_audio_data/audio_tmp/tkybe_nodl.wav,True,1200.06400,classbank_audio_data/rttm/tkybe.rttm,True,102,6,1132.08,diarization_output/pred_rttms/tkybe_nodl.rttm,True,50,6,1191.22
tnjoh_dl,classbank_audio_data/audio_tmp/tnjoh_dl.wav,True,87.36000,classbank_audio_data/rttm/tnjoh.rttm,True,11,5,75.83,diarization_output/pred_rttms/tnjoh_dl.rttm,True,16,5,86.71
tnjoh_nodl,classbank_audio_data/audio_tmp/tnjoh_nodl.wav,True,87.36000,classbank_audio_data/rttm/tnjoh.rttm,True,11,5,75.83,diarization_output/pred_rttms/tnjoh_nodl.rttm,True,16,5,86.71
tpnyf_dl,classbank_audio_data/audio_tmp/tpnyf_dl.wav,True,1200.06400,classbank_audio_data/rttm/tpnyf.rttm,True,68,7,1065.66,diarization_output/pred_rttms/tpnyf_dl.rttm,True,60,7,1134.45
tpnyf_nodl,classbank_audio_data/audio_tmp/tpnyf_nodl.wav,True,1200.06400,classbank_audio_data/rttm/tpnyf.rttm,True,68,7,1065.66,diarization_output/pred_rttms/tpnyf_nodl.rttm,True,60,7,1134.45
tpslg_dl,classbank_audio_data/audio_tmp/tpslg_dl.wav,True,436.48000,classbank_audio_data/rttm/tpslg.rttm,True,43,5,426.72,diarization_output/pred_rttms/tpslg_dl.rttm,True,27,5,435.84
tpslg_nodl,classbank_audio_data/audio_tmp/tpslg_nodl.wav,True,436.48000,classbank_audio_data/rttm/tpslg.rttm,True,43,5,426.72,diarization_output/pred_rttms/tpslg_nodl.rttm,True,27,5,435.84
tvtoe_dl,classbank_audio_data/audio_tmp/tvtoe_dl.wav,True,705.28000,classbank_audio_data/rttm/tvtoe.rttm,True,11,3,699.28,diarization_output/pred_rttms/tvtoe_dl.rttm,True,11,3,700.60
tvtoe_nodl,classbank_audio_data/audio_tmp/tvtoe_nodl.wav,True,705.28000,classbank_audio_data/rttm/tvtoe.rttm,True,11,3,699.28,diarization_output/pred_rttms/tvtoe_nodl.rttm,True,11,3,700.60
uedkc_dl,classbank_audio_data/audio_tmp/uedkc_dl.wav,True,1200.06400,classbank_audio_data/rttm/uedkc.rttm,True,75,7,1117.39,diarization_output/pred_rttms/uedkc_dl.rttm,True,132,7,1174.81
uedkc_nodl,classbank_audio_data/audio_tmp/uedkc_nodl.wav,True,1200.06400,classbank_audio_data/rttm/uedkc.rttm,True,75,7,1117.39,diarization_output/pred_rttms/uedkc_nodl.rttm,True,126,7,1156.60
uevxo_dl,classbank_audio_data/audio_tmp/uevxo_dl.wav,True,225.02400,classbank_audio_data/rttm/uevxo.rttm,True,18,9,225.56,diarization_output/pred_rttms/uevxo_dl.rttm,True,14,9,225.02
uevxo_nodl,classbank_audio_data/audio_tmp/uevxo_nodl.wav,True,225.02400,classbank_audio_data/rttm/uevxo.rttm,True,18,9,225.56,diarization_output/pred_rttms/uevxo_nodl.rttm,True,14,9,225.02
uhfrw_dl,classbank_audio_data/audio_tmp/uhfrw_dl.wav,True,892.35200,classbank_audio_data/rttm/uhfrw.rttm,True,151,8,850.63,diarization_output/pred_rttms/uhfrw_dl.rttm,True,178,8,878.65
uicid_dl,classbank_audio_data/audio_tmp/uicid_dl.wav,True,1200.06400,classbank_audio_data/rttm/uicid.rttm,True,240,1,902.78,diarization_output/pred_rttms/uicid_dl.rttm,True,52,1,1157.69
uicid_nodl,classbank_audio_data/audio_tmp/uicid_nodl.wav,True,1200.06400,classbank_audio_data/rttm/uicid.rttm,True,240,1,902.78,diarization_output/pred_rttms/uicid_nodl.rttm,True,65,1,1144.27
upshw_dl,classbank_audio_data/audio_tmp/upshw_dl.wav,True,594.88000,classbank_audio_data/rttm/upshw.rttm,True,29,7,570.92,diarization_output/pred_rttms/upshw_dl.rttm,True,35,7,589.49
upshw_nodl,classbank_audio_data/audio_tmp/upshw_nodl.wav,True,594.88000,classbank_audio_data/rttm/upshw.rttm,True,29,7,570.92,diarization_output/pred_rttms/upshw_nodl.rttm,True,35,7,589.49
uqxlg_dl,classbank_audio_data/audio_tmp/uqxlg_dl.wav,True,308.86400,classbank_audio_data/rttm/uqxlg.rttm,True,43,15,279.21,diarization_output/pred_rttms/uqxlg_dl.rttm,True,65,15,288.20
uqxlg_nodl,classbank_audio_data/audio_tmp/uqxlg_nodl.wav,True,308.86400,classbank_audio_data/rttm/uqxlg.rttm,True,43,15,279.21,diarization_output/pred_rttms/uqxlg_nodl.rttm,True,65,15,288.20
usqam_dl,classbank_audio_data/audio_tmp/usqam_dl.wav,True,601.28000,classbank_audio_data/rttm/usqam.rttm,True,112,14,585.60,diarization_output/pred_rttms/usqam_dl.rttm,True,135,14,545.01
usqam_nodl,classbank_audio_data/audio_tmp/usqam_nodl.wav,True,601.28000,classbank_audio_data/rttm/usqam.rttm,True,112,14,585.60,diarization_output/pred_rttms/usqam_nodl.rttm,True,89,14,578.63
utial_dl,classbank_audio_data/audio_tmp/utial_dl.wav,True,1131.96800,classbank_audio_data/rttm/utial.rttm,True,170,8,1203.09,diarization_output/pred_rttms/utial_dl.rttm,True,390,8,1127.18
utial_nodl,classbank_audio_data/audio_tmp/utial_nodl.wav,True,1131.96800,classbank_audio_data/rttm/utial.rttm,True,170,8,1203.09,diarization_output/pred_rttms/utial_nodl.rttm,True,390,8,1127.18
vdlvr_dl,classbank_audio_data/audio_tmp/vdlvr_dl.wav,True,1200.06400,classbank_audio_data/rttm/vdlvr.rttm,True,93,4,1179.45,diarization_output/pred_rttms/vdlvr_dl.rttm,True,30,4,1196.08
vdlvr_nodl,classbank_audio_data/audio_tmp/vdlvr_nodl.wav,True,1200.06400,classbank_audio_data/rttm/vdlvr.rttm,True,93,4,1179.45,diarization_output/pred_rttms/vdlvr_nodl.rttm,True,30,4,1196.08
vgaez_dl,classbank_audio_data/audio_tmp/vgaez_dl.wav,True,177.08800,classbank_audio_data/rttm/vgaez.rttm,True,42,4,137.03,diarization_output/pred_rttms/vgaez_dl.rttm,True,42,4,173.37
vgaez_nodl,classbank_audio_data/audio_tmp/vgaez_nodl.wav,True,177.08800,classbank_audio_data/rttm/vgaez.rttm,True,42,4,137.03,diarization_output/pred_rttms/vgaez_nodl.rttm,True,42,4,173.37
vgevv_dl,classbank_audio_data/audio_tmp/vgevv_dl.wav,True,1052.28800,classbank_audio_data/rttm/vgevv.rttm,True,229,11,942.35,diarization_output/pred_rttms/vgevv_dl.rttm,True,273,11,1032.14
vgevv_nodl,classbank_audio_data/audio_tmp/vgevv_nodl.wav,True,1052.28800,classbank_audio_data/rttm/vgevv.rttm,True,229,11,942.35,diarization_output/pred_rttms/vgevv_nodl.rttm,True,273,11,1032.14
vncid_dl,classbank_audio_data/audio_tmp/vncid_dl.wav,True,1200.06400,classbank_audio_data/rttm/vncid.rttm,True,69,13,1101.00,diarization_output/pred_rttms/vncid_dl.rttm,True,296,13,1194.78
vncid_nodl,classbank_audio_data/audio_tmp/vncid_nodl.wav,True,1200.06400,classbank_audio_data/rttm/vncid.rttm,True,69,13,1101.00,diarization_output/pred_rttms/vncid_nodl.rttm,True,300,13,1195.15
vtzqw_dl,classbank_audio_data/audio_tmp/vtzqw_dl.wav,True,718.33600,classbank_audio_data/rttm/vtzqw.rttm,True,129,12,501.12,diarization_output/pred_rttms/vtzqw_dl.rttm,True,155,12,652.89
vtzqw_nodl,classbank_audio_data/audio_tmp/vtzqw_nodl.wav,True,718.33600,classbank_audio_data/rttm/vtzqw.rttm,True,129,12,501.12,diarization_output/pred_rttms/vtzqw_nodl.rttm,True,155,12,652.89
vuewy_dl,classbank_audio_data/audio_tmp/vuewy_dl.wav,True,1200.06400,classbank_audio_data/rttm/vuewy.rttm,True,107,6,1243.64,diarization_output/pred_rttms/vuewy_dl.rttm,True,71,6,1192.47
vuewy_nodl,classbank_audio_data/audio_tmp/vuewy_nodl.wav,True,1200.06400,classbank_audio_data/rttm/vuewy.rttm,True,107,6,1243.64,diarization_output/pred_rttms/vuewy_nodl.rttm,True,71,6,1192.19
vylyk_dl,classbank_audio_data/audio_tmp/vylyk_dl.wav,True,161.08800,classbank_audio_data/rttm/vylyk.rttm,True,32,3,91.89,diarization_output/pred_rttms/vylyk_dl.rttm,True,40,3,161.09
vylyk_nodl,classbank_audio_data/audio_tmp/vylyk_nodl.wav,True,161.08800,classbank_audio_data/rttm/vylyk.rttm,True,32,3,91.89,diarization_output/pred_rttms/vylyk_nodl.rttm,True,40,3,161.09
vzuru_dl,classbank_audio_data/audio_tmp/vzuru_dl.wav,True,1200.06400,classbank_audio_data/rttm/vzuru.rttm,True,56,19,1171.50,diarization_output/pred_rttms/vzuru_dl.rttm,True,73,19,1189.14
vzuru_nodl,classbank_audio_data/audio_tmp/vzuru_nodl.wav,True,1200.06400,classbank_audio_data/rttm/vzuru.rttm,True,56,19,1171.50,diarization_output/pred_rttms/vzuru_nodl.rttm,True,73,19,1189.14
wcxfk_dl,classbank_audio_data/audio_tmp/wcxfk_dl.wav,True,155.64800,classbank_audio_data/rttm/wcxfk.rttm,True,45,3,220.44,diarization_output/pred_rttms/wcxfk_dl.rttm,True,23,3,155.20
wcxfk_nodl,classbank_audio_data/audio_tmp/wcxfk_nodl.wav,True,155.64800,classbank_audio_data/rttm/wcxfk.rttm,True,45,3,220.44,diarization_output/pred_rttms/wcxfk_nodl.rttm,True,23,3,155.20
wdvva_dl,classbank_audio_data/audio_tmp/wdvva_dl.wav,True,65.85600,classbank_audio_data/rttm/wdvva.rttm,True,14,2,75.80,diarization_output/pred_rttms/wdvva_dl.rttm,True,8,2,64.70
wemos_dl,classbank_audio_data/audio_tmp/wemos_dl.wav,True,1200.06400,classbank_audio_data/rttm/wemos.rttm,True,228,8,971.86,diarization_output/pred_rttms/wemos_dl.rttm,True,158,8,1196.03
wemos_nodl,classbank_audio_data/audio_tmp/wemos_nodl.wav,True,1200.06400,classbank_audio_data/rttm/wemos.rttm,True,228,8,971.86,diarization_output/pred_rttms/wemos_nodl.rttm,True,271,8,1199.98
wibky_dl,classbank_audio_data/audio_tmp/wibky_dl.wav,True,302.91200,classbank_audio_data/rttm/wibky.rttm,True,27,1,239.48,diarization_output/pred_rttms/wibky_dl.rttm,True,3,1,300.57
wibky_nodl,classbank_audio_data/audio_tmp/wibky_nodl.wav,True,302.91200,classbank_audio_data/rttm/wibky.rttm,True,27,1,239.48,diarization_output/pred_rttms/wibky_nodl.rttm,True,3,1,300.57
wlfsf_dl,classbank_audio_data/audio_tmp/wlfsf_dl.wav,True,511.87200,classbank_audio_data/rttm/wlfsf.rttm,True,43,11,497.58,diarization_output/pred_rttms/wlfsf_dl.rttm,True,52,11,507.87
wlfsf_nodl,classbank_audio_data/audio_tmp/wlfsf_nodl.wav,True,511.87200,classbank_audio_data/rttm/wlfsf.rttm,True,43,11,497.58,diarization_output/pred_rttms/wlfsf_nodl.rttm,True,52,11,507.87
wprog_dl,classbank_audio_data/audio_tmp/wprog_dl.wav,True,1200.06400,classbank_audio_data/rttm/wprog.rttm,True,209,2,835.52,diarization_output/pred_rttms/wprog_dl.rttm,True,78,2,1163.07
wprog_nodl,classbank_audio_data/audio_tmp/wprog_nodl.wav,True,1200.06400,classbank_audio_data/rttm/wprog.rttm,True,209,2,835.52,diarization_output/pred_rttms/wprog_nodl.rttm,True,81,2,1163.89
wwvcs_dl,classbank_audio_data/audio_tmp/wwvcs_dl.wav,True,1200.06400,classbank_audio_data/rttm/wwvcs.rttm,True,136,6,981.21,diarization_output/pred_rttms/wwvcs_dl.rttm,True,106,6,1171.60
wwvcs_nodl,classbank_audio_data/audio_tmp/wwvcs_nodl.wav,True,1200.06400,classbank_audio_data/rttm/wwvcs.rttm,True,136,6,981.21,diarization_output/pred_rttms/wwvcs_nodl.rttm,True,106,6,1171.60
wwzsk_dl,classbank_audio_data/audio_tmp/wwzsk_dl.wav,True,635.07200,classbank_audio_data/rttm/wwzsk.rttm,True,26,5,645.51,diarization_output/pred_rttms/wwzsk_dl.rttm,True,22,5,631.71
wwzsk_nodl,classbank_audio_data/audio_tmp/wwzsk_nodl.wav,True,635.07200,classbank_audio_data/rttm/wwzsk.rttm,True,26,5,645.51,diarization_output/pred_rttms/wwzsk_nodl.rttm,True,22,5,631.71
xffsa_dl,classbank_audio_data/audio_tmp/xffsa_dl.wav,True,1023.48800,classbank_audio_data/rttm/xffsa.rttm,True,91,6,1016.59,diarization_output/pred_rttms/xffsa_dl.rttm,True,125,6,1010.68
xffsa_nodl,classbank_audio_data/audio_tmp/xffsa_nodl.wav,True,1023.48800,classbank_audio_data/rttm/xffsa.rttm,True,91,6,1016.59,diarization_output/pred_rttms/xffsa_nodl.rttm,True,423,6,1010.00
xggbk_dl,classbank_audio_data/audio_tmp/xggbk_dl.wav,True,1200.06400,classbank_audio_data/rttm/xggbk.rttm,True,68,8,1135.82,diarization_output/pred_rttms/xggbk_dl.rttm,True,55,8,1189.49
xggbk_nodl,classbank_audio_data/audio_tmp/xggbk_nodl.wav,True,1200.06400,classbank_audio_data/rttm/xggbk.rttm,True,68,8,1135.82,diarization_output/pred_rttms/xggbk_nodl.rttm,True,209,8,1189.14
xkgos_dl,classbank_audio_data/audio_tmp/xkgos_dl.wav,True,1062.52800,classbank_audio_data/rttm/xkgos.rttm,True,136,4,997.02,diarization_output/pred_rttms/xkgos_dl.rttm,True,111,4,1043.17
xkgos_nodl,classbank_audio_data/audio_tmp/xkgos_nodl.wav,True,1062.52800,classbank_audio_data/rttm/xkgos.rttm,True,136,4,997.02,diarization_output/pred_rttms/xkgos_nodl.rttm,True,78,4,1047.39
xkmqx_dl,classbank_audio_data/audio_tmp/xkmqx_dl.wav,True,50.11200,classbank_audio_data/rttm/xkmqx.rttm,True,7,3,51.55,diarization_output/pred_rttms/xkmqx_dl.rttm,True,13,3,45.49
xkmqx_nodl,classbank_audio_data/audio_tmp/xkmqx_nodl.wav,True,50.11200,classbank_audio_data/rttm/xkmqx.rttm,True,7,3,51.55,diarization_output/pred_rttms/xkmqx_nodl.rttm,True,9,3,50.11
xlsme_dl,classbank_audio_data/audio_tmp/xlsme_dl.wav,True,1200.06400,classbank_audio_data/rttm/xlsme.rttm,True,166,6,997.15,diarization_output/pred_rttms/xlsme_dl.rttm,True,120,6,1157.91
xlyov_dl,classbank_audio_data/audio_tmp/xlyov_dl.wav,True,658.11200,classbank_audio_data/rttm/xlyov.rttm,True,16,1,632.43,diarization_output/pred_rttms/xlyov_dl.rttm,True,9,1,652.90
xlyov_nodl,classbank_audio_data/audio_tmp/xlyov_nodl.wav,True,658.11200,classbank_audio_data/rttm/xlyov.rttm,True,16,1,632.43,diarization_output/pred_rttms/xlyov_nodl.rttm,True,9,1,652.90
xmyyy_dl,classbank_audio_data/audio_tmp/xmyyy_dl.wav,True,411.64800,classbank_audio_data/rttm/xmyyy.rttm,True,30,5,242.52,diarization_output/pred_rttms/xmyyy_dl.rttm,True,101,5,384.03
xmyyy_nodl,classbank_audio_data/audio_tmp/xmyyy_nodl.wav,True,411.64800,classbank_audio_data/rttm/xmyyy.rttm,True,30,5,242.52,diarization_output/pred_rttms/xmyyy_nodl.rttm,True,101,5,387.18
xqxkt_dl,classbank_audio_data/audio_tmp/xqxkt_dl.wav,True,1200.06400,classbank_audio_data/rttm/xqxkt.rttm,True,68,7,1118.03,diarization_output/pred_rttms/xqxkt_dl.rttm,True,171,7,1173.85
xqxkt_nodl,classbank_audio_data/audio_tmp/xqxkt_nodl.wav,True,1200.06400,classbank_audio_data/rttm/xqxkt.rttm,True,68,7,1118.03,diarization_output/pred_rttms/xqxkt_nodl.rttm,True,236,7,1180.26
xtdcl_dl,classbank_audio_data/audio_tmp/xtdcl_dl.wav,True,306.43200,classbank_audio_data/rttm/xtdcl.rttm,True,56,2,157.37,diarization_output/pred_rttms/xtdcl_dl.rttm,True,52,2,295.30
xtdcl_nodl,classbank_audio_data/audio_tmp/xtdcl_nodl.wav,True,306.43200,classbank_audio_data/rttm/xtdcl.rttm,True,56,2,157.37,diarization_output/pred_rttms/xtdcl_nodl.rttm,True,52,2,295.30
xtzoq_dl,classbank_audio_data/audio_tmp/xtzoq_dl.wav,True,186.68800,classbank_audio_data/rttm/xtzoq.rttm,True,44,11,179.23,diarization_output/pred_rttms/xtzoq_dl.rttm,True,44,11,183.80
xvxwv_dl,classbank_audio_data/audio_tmp/xvxwv_dl.wav,True,284.48000,classbank_audio_data/rttm/xvxwv.rttm,True,18,6,273.43,diarization_output/pred_rttms/xvxwv_dl.rttm,True,26,6,284.22
xvxwv_nodl,classbank_audio_data/audio_tmp/xvxwv_nodl.wav,True,284.48000,classbank_audio_data/rttm/xvxwv.rttm,True,18,6,273.43,diarization_output/pred_rttms/xvxwv_nodl.rttm,True,26,6,284.22
ybhwz_dl,classbank_audio_data/audio_tmp/ybhwz_dl.wav,True,504.96000,classbank_audio_data/rttm/ybhwz.rttm,True,29,8,496.88,diarization_output/pred_rttms/ybhwz_dl.rttm,True,56,8,503.87
ybhwz_nodl,classbank_audio_data/audio_tmp/ybhwz_nodl.wav,True,504.96000,classbank_audio_data/rttm/ybhwz.rttm,True,29,8,496.88,diarization_output/pred_rttms/ybhwz_nodl.rttm,True,56,8,503.87
ygrip_dl,classbank_audio_data/audio_tmp/ygrip_dl.wav,True,297.21600,classbank_audio_data/rttm/ygrip.rttm,True,28,7,283.52,diarization_output/pred_rttms/ygrip_dl.rttm,True,46,7,296.69
ygrip_nodl,classbank_audio_data/audio_tmp/ygrip_nodl.wav,True,297.21600,classbank_audio_data/rttm/ygrip.rttm,True,28,7,283.52,diarization_output/pred_rttms/ygrip_nodl.rttm,True,46,7,296.69
ylgug_dl,classbank_audio_data/audio_tmp/ylgug_dl.wav,True,1200.06400,classbank_audio_data/rttm/ylgug.rttm,True,101,3,1082.20,diarization_output/pred_rttms/ylgug_dl.rttm,True,352,3,1184.96
ylgug_nodl,classbank_audio_data/audio_tmp/ylgug_nodl.wav,True,1200.06400,classbank_audio_data/rttm/ylgug.rttm,True,101,3,1082.20,diarization_output/pred_rttms/ylgug_nodl.rttm,True,352,3,1184.96
ylzez_dl,classbank_audio_data/audio_tmp/ylzez_dl.wav,True,1200.06400,classbank_audio_data/rttm/ylzez.rttm,True,115,2,1094.37,diarization_output/pred_rttms/ylzez_dl.rttm,True,52,2,1193.90
ylzez_nodl,classbank_audio_data/audio_tmp/ylzez_nodl.wav,True,1200.06400,classbank_audio_data/rttm/ylzez.rttm,True,115,2,1094.37,diarization_output/pred_rttms/ylzez_nodl.rttm,True,52,2,1193.90
ytmef_dl,classbank_audio_data/audio_tmp/ytmef_dl.wav,True,513.40800,classbank_audio_data/rttm/ytmef.rttm,True,29,4,484.05,diarization_output/pred_rttms/ytmef_dl.rttm,True,19,4,496.05
ytmef_nodl,classbank_audio_data/audio_tmp/ytmef_nodl.wav,True,513.40800,classbank_audio_data/rttm/ytmef.rttm,True,29,4,484.05,diarization_output/pred_rttms/ytmef_nodl.rttm,True,19,4,496.05
ytula_dl,classbank_audio_data/audio_tmp/ytula_dl.wav,True,1200.06400,classbank_audio_data/rttm/ytula.rttm,True,85,7,993.88,diarization_output/pred_rttms/ytula_dl.rttm,True,83,7,1189.95
ytula_nodl,classbank_audio_data/audio_tmp/ytula_nodl.wav,True,1200.06400,classbank_audio_data/rttm/ytula.rttm,True,85,7,993.88,diarization_output/pred_rttms/ytula_nodl.rttm,True,83,7,1189.95
yukhy_dl,classbank_audio_data/audio_tmp/yukhy_dl.wav,True,672.96000,classbank_audio_data/rttm/yukhy.rttm,True,85,6,706.15,diarization_output/pred_rttms/yukhy_dl.rttm,True,46,6,669.02
yukhy_nodl,classbank_audio_data/audio_tmp/yukhy_nodl.wav,True,672.96000,classbank_audio_data/rttm/yukhy.rttm,True,85,6,706.15,diarization_output/pred_rttms/yukhy_nodl.rttm,True,46,6,669.02
yzvon_dl,classbank_audio_data/audio_tmp/yzvon_dl.wav,True,892.41600,classbank_audio_data/rttm/yzvon.rttm,True,84,5,781.25,diarization_output/pred_rttms/yzvon_dl.rttm,True,180,5,888.85
yzvon_nodl,classbank_audio_data/audio_tmp/yzvon_nodl.wav,True,892.41600,classbank_audio_data/rttm/yzvon.rttm,True,84,5,781.25,diarization_output/pred_rttms/yzvon_nodl.rttm,True,177,5,888.64
zedtj_dl,classbank_audio_data/audio_tmp/zedtj_dl.wav,True,1200.06400,classbank_audio_data/rttm/zedtj.rttm,True,96,7,1076.90,diarization_output/pred_rttms/zedtj_dl.rttm,True,54,7,1164.83
zedtj_nodl,classbank_audio_data/audio_tmp/zedtj_nodl.wav,True,1200.06400,classbank_audio_data/rttm/zedtj.rttm,True,96,7,1076.90,diarization_output/pred_rttms/zedtj_nodl.rttm,True,61,7,1180.01
zehzu_dl,classbank_audio_data/audio_tmp/zehzu_dl.wav,True,172.28800,classbank_audio_data/rttm/zehzu.rttm,True,14,6,160.91,diarization_output/pred_rttms/zehzu_dl.rttm,True,9,6,165.90
zehzu_nodl,classbank_audio_data/audio_tmp/zehzu_nodl.wav,True,172.28800,classbank_audio_data/rttm/zehzu.rttm,True,14,6,160.91,diarization_output/pred_rttms/zehzu_nodl.rttm,True,9,6,165.90
zfzlc_dl,classbank_audio_data/audio_tmp/zfzlc_dl.wav,True,1200.06400,classbank_audio_data/rttm/zfzlc.rttm,True,113,2,1179.07,diarization_output/pred_rttms/zfzlc_dl.rttm,True,74,2,1188.20
zfzlc_nodl,classbank_audio_data/audio_tmp/zfzlc_nodl.wav,True,1200.06400,classbank_audio_data/rttm/zfzlc.rttm,True,113,2,1179.07,diarization_output/pred_rttms/zfzlc_nodl.rttm,True,75,2,1186.03
zowse_dl,classbank_audio_data/audio_tmp/zowse_dl.wav,True,1200.06400,classbank_audio_data/rttm/zowse.rttm,True,130,9,1037.58,diarization_output/pred_rttms/zowse_dl.rttm,True,115,9,1148.55
zqidv_dl,classbank_audio_data/audio_tmp/zqidv_dl.wav,True,1011.20000,classbank_audio_data/rttm/zqidv.rttm,True,213,8,723.78,diarization_output/pred_rttms/zqidv_dl.rttm,True,228,8,977.99
zqidv_nodl,classbank_audio_data/audio_tmp/zqidv_nodl.wav,True,1011.20000,classbank_audio_data/rttm/zqidv.rttm,True,213,8,723.78,diarization_output/pred_rttms/zqidv_nodl.rttm,True,228,8,977.99
zsgto_dl,classbank_audio_data/audio_tmp/zsgto_dl.wav,True,1200.06400,classbank_audio_data/rttm/zsgto.rttm,True,123,5,1086.70,diarization_output/pred_rttms/zsgto_dl.rttm,True,156,5,1167.60
zsgto_nodl,classbank_audio_data/audio_tmp/zsgto_nodl.wav,True,1200.06400,classbank_audio_data/rttm/zsgto.rttm,True,123,5,1086.70,diarization_output/pred_rttms/zsgto_nodl.rttm,True,77,5,1181.77
zzsba_dl,classbank_audio_data/audio_tmp/zzsba_dl.wav,True,1200.06400,classbank_audio_data/rttm/zzsba.rttm,True,98,11,1075.03,diarization_output/pred_rttms/zzsba_dl.rttm,True,235,11,1141.93
zzsba_nodl,classbank_audio_data/audio_tmp/zzsba_nodl.wav,True,1200.06400,classbank_audio_data/rttm/zzsba.rttm,True,98,11,1075.03,diarization_output/pred_rttms/zzsba_nodl.rttm,True,235,11,1141.93
zztbo_dl,classbank_audio_data/audio_tmp/zztbo_dl.wav,True,116.80000,classbank_audio_data/rttm/zztbo.rttm,True,17,1,54.72,diarization_output/pred_rttms/zztbo_dl.rttm,True,9,1,77.90
zztbo_nodl,classbank_audio_data/audio_tmp/zztbo_nodl.wav,True,116.80000,classbank_audio_data/rttm/zztbo.rttm,True,17,1,54.72,diarization_output/pred_rttms/zztbo_nodl.rttm,True,9,1,77.90
zzyyo_dl,classbank_audio_data/audio_tmp/zzyyo_dl.wav,True,1131.20000,classbank_audio_data/rttm/zzyyo.rttm,True,128,12,1120.70,diarization_output/pred_rttms/zzyyo_dl.rttm,True,250,12,1118.81
zzyyo_nodl,classbank_audio_data/audio_tmp/zzyyo_nodl.wav,True,1131.20000,classbank_audio_data/rttm/zzyyo.rttm,True,128,12,1120.70,diarization_output/pred_rttms/zzyyo_nodl.rttm,True,167,12,1122.44
ui_2_8907b9,classbank_audio_data/audio_tmp/ui_2_8907b9.wav,True,719.72575,classbank_audio_data/rttm/2.rttm,True,178,2,719.25,diarization_output/pred_rttms/ui_2_8907b9.rttm,True,55,2,715.49
ui_2_99f486,classbank_audio_data/audio_tmp/ui_2_99f486.wav,True,719.72575,classbank_audio_data/rttm/2.rttm,True,178,2,719.25,diarization_output/pred_rttms/ui_2_99f486.rttm,True,62,2,714.63
ui_fzwtp_40adb4,classbank_audio_data/audio_tmp/ui_fzwtp_40adb4.wav,True,285.56800,classbank_audio_data/rttm/fzwtp.rttm,True,56,11,212.46,diarization_output/pred_rttms/ui_fzwtp_40adb4.rttm,True,48,11,276.37
ui_A230012_96612f,classbank_audio_data/audio_tmp/ui_A230012_96612f.wav,True,874.02669,,False,0,0,0.0,diarization_output/pred_rttms/ui_A230012_96612f.rttm,True,74,5,870.65
ui_B230115_0dfa69,classbank_audio_data/audio_tmp/ui_B230115_0dfa69.wav,True,1266.34669,,False,0,0,0.0,diarization_output/pred_rttms/ui_B230115_0dfa69.rttm,True,107,7,1241.34
ui_E230369_476bc6,classbank_audio_data/audio_tmp/ui_E230369_476bc6.wav,True,940.05331,,False,0,0,0.0,diarization_output/pred_rttms/ui_E230369_476bc6.rttm,True,128,6,924.45
ui_E230369_60fc52,classbank_audio_data/audio_tmp/ui_E230369_60fc52.wav,True,940.05331,,False,0,0,0.0,diarization_output/pred_rttms/ui_E230369_60fc52.rttm,True,142,6,918.92
ui_D230329_a45ce5,classbank_audio_data/audio_tmp/ui_D230329_a45ce5.wav,True,922.02669,,False,0,0,0.0,diarization_output/pred_rttms/ui_D230329_a45ce5.rttm,True,145,6,882.48
ui_D230329_2412c9,classbank_audio_data/audio_tmp/ui_D230329_2412c9.wav,True,922.02669,,False,0,0,0.0,diarization_output/pred_rttms/ui_D230329_2412c9.rttm,True,142,6,883.38
ui_bvyvm_6511e1,classbank_audio_data/audio_tmp/ui_bvyvm_6511e1.wav,True,117.24800,classbank_audio_data/rttm/bvyvm.rttm,True,16,3,105.16,diarization_output/pred_rttms/ui_bvyvm_6511e1.rttm,True,4,3,116.80
ui_auzru_081a2e,classbank_audio_data/audio_tmp/ui_auzru_081a2e.wav,True,515.90400,classbank_audio_data/rttm/auzru.rttm,True,30,8,508.77,diarization_output/pred_rttms/ui_auzru_081a2e.rttm,True,20,8,515.90
